2025-11-01 20:02:42,982 - analyzers.stockfish_analyzer - INFO - Stockfish initialized with depth 12
2025-11-01 20:02:42,982 - __main__ - INFO - Chess Analyzer initialized for player: v7p3r
2025-11-01 20:02:42,982 - __main__ - INFO - Starting analysis of directory: data
2025-11-01 20:02:42,983 - __main__ - INFO - Found 10 PGN files
2025-11-01 20:02:42,983 - __main__ - INFO - Parsing Coach1200_vs_v7p3r_20251023.pgn...
2025-11-01 20:02:42,996 - __main__ - INFO - Parsing lichess_pgn_2021.01.16_HenrikofSweden_vs_v7p3r.0sYPB1Tj.pgn...
2025-11-01 20:02:43,005 - __main__ - INFO - Parsing lichess_pgn_2021.02.04_v7p3r_vs_jfft.ZVEL8xeM.pgn...
2025-11-01 20:02:43,009 - __main__ - INFO - Parsing lichess_pgn_2021.02.07_Ethan-C_vs_v7p3r.2yjfqtls.pgn...
2025-11-01 20:02:43,018 - __main__ - INFO - Parsing lichess_pgn_2025.10.21_v7p3r_vs_lichess_AI_level_3.1mofC31p.pgn...
2025-11-01 20:02:43,034 - __main__ - INFO - Parsing lichess_pgn_2025.10.29_v7p3r_vs_v7p3r_bot.SRG12jXg.pgn...
2025-11-01 20:02:43,043 - __main__ - INFO - Parsing lichess_v7p3r_2025-10-02.pgn...
2025-11-01 20:02:44,441 - __main__ - INFO - Parsing v7p3r vs Coach1200_20251021.pgn...
2025-11-01 20:02:44,448 - __main__ - INFO - Parsing v7p3r_20250530.pgn...
2025-11-01 20:02:47,925 - __main__ - INFO - Parsing v7p3r_vs_pat314_2021.01.02.pgn...
2025-11-01 20:02:47,930 - __main__ - INFO - Parsed 956 total games
2025-11-01 20:02:47,931 - __main__ - INFO - Found 954 games where v7p3r played
2025-11-01 20:02:47,931 - __main__ - INFO - Limited analysis to 20 most recent games
2025-11-01 20:02:47,932 - __main__ - INFO - Quick analysis: analyzing 20 games
2025-11-01 20:02:47,932 - __main__ - INFO - Starting Stockfish analysis...
2025-11-01 20:02:47,932 - analyzers.performance_calculator - INFO - Analyzing game 1/20: marahhhhhhhhhhhh07 vs v7p3r
2025-11-01 20:02:48,921 - analyzers.stockfish_analyzer - ERROR - Error evaluating move g7g6: san() and lan() expect move to be legal or null, but got g7g6 in rn1qkb1r/pp2np1p/2p1p1p1/3pPb2/3P1B2/2N2N2/PPP2PPP/R2QKB1R w KQkq - 0 7
2025-11-01 20:02:49,386 - analyzers.stockfish_analyzer - ERROR - Error evaluating move f8b4: san() and lan() expect move to be legal or null, but got f8b4 in rn1qk2r/pp3p1p/2p1p1p1/3pPn2/1b1P1B2/2NQ1N2/PPP2PPP/2KR3R w kq - 3 10
2025-11-01 20:02:49,511 - analyzers.stockfish_analyzer - ERROR - Error evaluating move d8d7: san() and lan() expect move to be legal or null, but got d8d7 in rn2k2r/pp1q1p1p/2p1p1p1/3pPnB1/1b1P4/2NQ1N2/PPP2PPP/2KR3R w kq - 5 11
2025-11-01 20:02:49,607 - analyzers.stockfish_analyzer - ERROR - Error evaluating move h7h6: san() and lan() expect move to be legal or null, but got h7h6 in rn2k2r/pp1q1p2/2p1p1pp/3pPnB1/1b1P3P/2NQ1N2/PPP2PP1/2KR3R w kq - 0 12
2025-11-01 20:02:49,857 - analyzers.stockfish_analyzer - ERROR - Error evaluating move d7e7: san() and lan() expect move to be legal or null, but got d7e7 in rn2k2r/pp2qp2/2p1p1pp/3pPn2/3P3P/2BQ1N2/PPP2PP1/2KR3R w kq - 1 14
2025-11-01 20:02:50,758 - analyzers.stockfish_analyzer - ERROR - Error evaluating move c6c5: san() and lan() expect move to be legal or null, but got c6c5 in r7/pp1kqp1R/n5p1/2ppPpP1/3P4/P1BQ4/1PP2P2/2K5 w - - 0 22
2025-11-01 20:02:50,968 - analyzers.stockfish_analyzer - ERROR - Error evaluating move c5d4: san() and lan() expect move to be legal or null, but got c5d4 in r7/pp1kqp1R/n5p1/3pPpP1/3p4/P1BQ1P2/1PP5/2K5 w - - 0 23
2025-11-01 20:02:51,098 - analyzers.stockfish_analyzer - ERROR - Error evaluating move e7g5: san() and lan() expect move to be legal or null, but got e7g5 in r7/pp1k1p1R/n5p1/3pPpq1/3Q4/P1B2P2/1PP5/2K5 w - - 0 24
2025-11-01 20:02:51,137 - analyzers.stockfish_analyzer - ERROR - Error evaluating move a8c8: san() and lan() expect move to be legal or null, but got a8c8 in 2r5/pp1k1p1R/n5p1/3pPpq1/3Q4/P1B2P2/1PP5/1K6 w - - 2 25
2025-11-01 20:02:51,222 - analyzers.stockfish_analyzer - ERROR - Error evaluating move a6c7: san() and lan() expect move to be legal or null, but got a6c7 in 2r5/pRn5/4k1p1/3pPpq1/3Q4/P1B2P2/1PP5/1K6 w - - 1 27
2025-11-01 20:02:51,253 - analyzers.stockfish_analyzer - ERROR - Error evaluating move c7b5: san() and lan() expect move to be legal or null, but got c7b5 in 2r5/R7/4k1p1/1n1pPpq1/3Q4/P1B2P2/1PP5/1K6 w - - 1 28
2025-11-01 20:02:51,287 - analyzers.stockfish_analyzer - ERROR - Error evaluating move c8c4: san() and lan() expect move to be legal or null, but got c8c4 in 8/R7/1Q1Pk1p1/3p1pq1/2r5/P1B2P2/1PP5/1K6 w - - 1 30
2025-11-01 20:02:51,301 - analyzers.performance_calculator - INFO - Analyzing game 2/20: v7p3r vs Jelez22
2025-11-01 20:02:52,308 - analyzers.stockfish_analyzer - ERROR - Error evaluating move d1d3: san() and lan() expect move to be legal or null, but got d1d3 in rn1qkbnr/pp1bpppp/8/1B1p4/3P4/2NQ4/PPP2PPP/R1B1K1NR b KQkq - 4 6
2025-11-01 20:02:52,932 - analyzers.stockfish_analyzer - ERROR - Error evaluating move f3e5: san() and lan() expect move to be legal or null, but got f3e5 in r2q1rk1/1p1nnppp/p3p3/3pN3/3P4/2NQ4/PPP2PPP/R4RK1 b - - 3 12
2025-11-01 20:02:53,074 - analyzers.stockfish_analyzer - ERROR - Error evaluating move e5g4: san() and lan() expect move to be legal or null, but got e5g4 in r2q1rk1/1p1n1ppp/p3p1n1/3p4/3P2N1/2NQ4/PPP2PPP/R4RK1 b - - 5 13
2025-11-01 20:02:54,025 - analyzers.stockfish_analyzer - ERROR - Error evaluating move f1f2: san() and lan() expect move to be legal or null, but got f1f2 in 2r2rk1/1p3ppp/pq4n1/3pp3/3P2P1/1P1Q4/P1P1NRPP/R5K1 b - - 1 18
2025-11-01 20:02:54,233 - analyzers.stockfish_analyzer - ERROR - Error evaluating move a1f1: san() and lan() expect move to be legal or null, but got a1f1 in 5rk1/1p3ppp/pq4n1/3p4/3Pp1P1/1P2Q3/P1r1NRPP/5RK1 b - - 1 20
2025-11-01 20:02:54,420 - analyzers.stockfish_analyzer - ERROR - Error evaluating move e2f4: san() and lan() expect move to be legal or null, but got e2f4 in 5rk1/1pr2ppp/pq4n1/3p4/3PpNP1/1P2Q3/P4RPP/5RK1 b - - 3 21
2025-11-01 20:02:54,551 - analyzers.stockfish_analyzer - ERROR - Error evaluating move f2f7: san() and lan() expect move to be legal or null, but got f2f7 in 5rk1/1pr2Rpp/pq6/3N4/3Pp1n1/1P2Q3/P5PP/5RK1 b - - 0 23
2025-11-01 20:02:54,575 - analyzers.stockfish_analyzer - ERROR - Error evaluating move e3g3: san() and lan() expect move to be legal or null, but got e3g3 in 5rk1/1p3rpp/pq6/3N4/3Pp1n1/1P4Q1/P5PP/5RK1 b - - 1 24
2025-11-01 20:02:54,586 - analyzers.performance_calculator - INFO - Analyzing game 3/20: sandrolopez vs v7p3r
2025-11-01 20:02:55,022 - analyzers.stockfish_analyzer - ERROR - Error evaluating move e7e6: san() and lan() expect move to be legal or null, but got e7e6 in rnbqkbnr/pp3ppp/4p3/3p4/8/1B6/PPPP1PPP/RNBQK1NR w KQkq - 0 5
2025-11-01 20:02:55,949 - analyzers.stockfish_analyzer - ERROR - Error evaluating move f8e8: san() and lan() expect move to be legal or null, but got f8e8 in rn1qr1k1/pb3ppp/3bpn2/1p1p2B1/3P4/1B1Q1N2/PPP2PPP/RN2R1K1 w - - 5 11
2025-11-01 20:02:56,384 - analyzers.stockfish_analyzer - ERROR - Error evaluating move d8b6: san() and lan() expect move to be legal or null, but got d8b6 in r3r1k1/p2n1ppp/1qbbpn2/3p2B1/3P4/1B1Q1N2/PPPN1PPP/R3R1K1 w - - 5 14
2025-11-01 20:02:56,587 - analyzers.stockfish_analyzer - ERROR - Error evaluating move e6e5: san() and lan() expect move to be legal or null, but got e6e5 in r3r1k1/p2n1ppp/1qbb1n2/3pp1B1/3P4/1B1Q1N2/PPP2PPP/R3RNK1 w - - 0 15
2025-11-01 20:02:56,873 - analyzers.stockfish_analyzer - ERROR - Error evaluating move e5b2: san() and lan() expect move to be legal or null, but got e5b2 in r3r1k1/p4ppp/1qb2B2/3p4/8/1B1Q4/PbP2PPP/R3RNK1 w - - 0 18
2025-11-01 20:02:57,724 - analyzers.stockfish_analyzer - ERROR - Error evaluating move e8e2: san() and lan() expect move to be legal or null, but got e8e2 in 6k1/pQ3pp1/5b1p/8/3q4/7P/P1P1rPP1/1R3NK1 w - - 1 24
2025-11-01 20:02:57,967 - analyzers.stockfish_analyzer - ERROR - Error evaluating move f6h4: san() and lan() expect move to be legal or null, but got f6h4 in 8/p4p1k/6pp/8/3q3b/5Q1P/P1P1rPP1/1R3NK1 w - - 2 27
2025-11-01 20:02:58,260 - analyzers.stockfish_analyzer - ERROR - Error evaluating move e2e1: san() and lan() expect move to be legal or null, but got e2e1 in 8/p4p1k/6pp/8/3q4/6QP/P1P2PP1/1R2r1K1 w - - 1 29
2025-11-01 20:02:58,289 - analyzers.stockfish_analyzer - ERROR - Error evaluating move d4b2: san() and lan() expect move to be legal or null, but got d4b2 in 8/p4p1k/6pp/8/8/6QP/PqP2PP1/4R1K1 w - - 1 30
2025-11-01 20:02:58,329 - analyzers.stockfish_analyzer - ERROR - Error evaluating move f7f5: san() and lan() expect move to be legal or null, but got f7f5 in 8/p6k/6pp/5p2/8/6QP/PqP2PPK/4R3 w - - 0 31
2025-11-01 20:02:58,425 - analyzers.stockfish_analyzer - ERROR - Error evaluating move b2f6: san() and lan() expect move to be legal or null, but got b2f6 in 4R3/p7/5qpp/8/6pk/8/P1P2PQK/8 w - - 4 40
2025-11-01 20:02:58,437 - analyzers.performance_calculator - INFO - Analyzing game 4/20: v7p3r vs e_gisselin
2025-11-01 20:02:59,569 - analyzers.stockfish_analyzer - ERROR - Error evaluating move c1e3: san() and lan() expect move to be legal or null, but got c1e3 in r1bq1rk1/pppp1ppp/2n2n2/2b1p3/2B1P3/2NPBN2/PPP2PPP/R2QK2R b KQ - 2 6
2025-11-01 20:03:00,037 - analyzers.stockfish_analyzer - ERROR - Error evaluating move b3d5: san() and lan() expect move to be legal or null, but got b3d5 in r1bq1rk1/2pp1ppp/p4n2/np1Bp3/4P3/2NPPN2/PPP3PP/R2Q1RK1 b - - 3 10
2025-11-01 20:03:00,217 - analyzers.stockfish_analyzer - ERROR - Error evaluating move d3d4: san() and lan() expect move to be legal or null, but got d3d4 in r1bq1rk1/2p2ppp/p2p4/np1Pp3/3P4/2N1PN2/PPP3PP/R2Q1RK1 b - - 0 12
2025-11-01 20:03:00,383 - analyzers.stockfish_analyzer - ERROR - Error evaluating move d4e5: san() and lan() expect move to be legal or null, but got d4e5 in r1bq1rk1/2p2ppp/p2p4/1p1PP3/2n5/2N1PN2/PPP3PP/R2Q1RK1 b - - 0 13
2025-11-01 20:03:00,653 - analyzers.stockfish_analyzer - ERROR - Error evaluating move b2b4: san() and lan() expect move to be legal or null, but got b2b4 in r2qr1k1/2p2ppp/p2p4/1p1PP3/1P4b1/P1N2N2/2P1Q1PP/5RK1 b - - 0 17
2025-11-01 20:03:00,737 - analyzers.stockfish_analyzer - ERROR - Error evaluating move h2h3: san() and lan() expect move to be legal or null, but got h2h3 in r2q2k1/2p2ppp/p2p4/1p1P1r2/1P4b1/P1N2N1P/2P2QP1/5RK1 b - - 0 19
2025-11-01 20:03:00,802 - analyzers.stockfish_analyzer - ERROR - Error evaluating move f2g3: san() and lan() expect move to be legal or null, but got f2g3 in r5k1/2p2ppp/p2p1q2/1p1P1r2/1P6/P1N2PQP/2P5/5RK1 b - - 2 21
2025-11-01 20:03:00,822 - analyzers.stockfish_analyzer - ERROR - Error evaluating move g1g2: san() and lan() expect move to be legal or null, but got g1g2 in r5k1/2p2ppp/p2p1q2/1p1P2r1/1P6/P1N2PQP/2P3K1/5R2 b - - 4 22
2025-11-01 20:03:00,859 - analyzers.stockfish_analyzer - ERROR - Error evaluating move f1e1: san() and lan() expect move to be legal or null, but got f1e1 in r5k1/2p2ppp/p2p4/1p1P4/1P6/P1q2PKP/2P5/4R3 b - - 1 24
2025-11-01 20:03:00,860 - analyzers.performance_calculator - INFO - Analyzing game 5/20: v7p3r vs firmantanjung
2025-11-01 20:03:01,296 - analyzers.stockfish_analyzer - ERROR - Error evaluating move d2d3: san() and lan() expect move to be legal or null, but got d2d3 in rnbqkbnr/pp2pppp/3p4/2p5/4P3/2NP4/PPP2PPP/R1BQKBNR b KQkq - 0 3
2025-11-01 20:03:01,459 - analyzers.stockfish_analyzer - ERROR - Error evaluating move c1e3: san() and lan() expect move to be legal or null, but got c1e3 in r1bqkbnr/pp2pppp/2np4/2p5/4P3/2NPB3/PPP2PPP/R2QKBNR b KQkq - 2 4
2025-11-01 20:03:01,685 - analyzers.stockfish_analyzer - ERROR - Error evaluating move d1e2: san() and lan() expect move to be legal or null, but got d1e2 in r1bqkb1r/pp2pppp/2np1n2/2p5/4P3/2NPB3/PPP1QPPP/R3KBNR b KQkq - 4 5
2025-11-01 20:03:02,330 - analyzers.stockfish_analyzer - ERROR - Error evaluating move e1c1: san() and lan() expect move to be legal or null, but got e1c1 in r2qk2r/pp2bppp/2nppn2/2p5/4P3/2NPB3/PPPQNPPP/2KR3R b kq - 2 9
2025-11-01 20:03:02,600 - analyzers.stockfish_analyzer - ERROR - Error evaluating move h2h3: san() and lan() expect move to be legal or null, but got h2h3 in r2q1rk1/pp2bppp/2nppn2/2p5/4P3/2NPB2P/PPPQNPP1/2KR3R b - - 0 10
2025-11-01 20:03:03,503 - analyzers.stockfish_analyzer - ERROR - Error evaluating move h3h4: san() and lan() expect move to be legal or null, but got h3h4 in r2q1rk1/1p1nbppp/2npp3/1Np5/p3P1PP/3PB3/PPPQNP2/2KR3R b - - 0 13
2025-11-01 20:03:03,980 - analyzers.stockfish_analyzer - ERROR - Error evaluating move d1g1: san() and lan() expect move to be legal or null, but got d1g1 in 5rk1/1p1nbppp/2npp3/1qp3P1/p3P2P/3PB3/PPPQ1P2/2K3RR b - - 1 17
2025-11-01 20:03:04,077 - analyzers.stockfish_analyzer - ERROR - Error evaluating move h4h5: san() and lan() expect move to be legal or null, but got h4h5 in 5rk1/1p2bppp/2npp3/1qp1n1PP/4P3/pP1PB3/P1PQ1P2/2K3RR b - - 0 19
2025-11-01 20:03:04,334 - analyzers.stockfish_analyzer - ERROR - Error evaluating move g6h7: san() and lan() expect move to be legal or null, but got g6h7 in r5k1/1p2bppP/1q1pp3/2p4P/2PnP3/pP1PB3/P4P2/2K3QR b - - 0 24
2025-11-01 20:03:04,450 - analyzers.stockfish_analyzer - ERROR - Error evaluating move e3g5: san() and lan() expect move to be legal or null, but got e3g5 in r6k/1p2bp1P/1q1pp1pP/2p3B1/2PnP3/pP1P4/P4P2/2K3QR b - - 1 26
2025-11-01 20:03:04,530 - analyzers.performance_calculator - INFO - Analyzing game 6/20: Txusko vs v7p3r
2025-11-01 20:03:04,530 - analyzers.performance_calculator - INFO - Analyzing game 7/20: mohamedlebossdu vs v7p3r
2025-11-01 20:03:04,994 - analyzers.stockfish_analyzer - ERROR - Error evaluating move c8g4: san() and lan() expect move to be legal or null, but got c8g4 in r2qkb1r/pp2pp1p/2n2n2/7p/2P3b1/8/PPP2PPP/RNB1K2R w KQkq - 1 11
2025-11-01 20:03:05,009 - analyzers.performance_calculator - INFO - Analyzing game 8/20: v7p3r vs MarkiyanMatskiv
2025-11-01 20:03:06,766 - analyzers.stockfish_analyzer - ERROR - Error evaluating move f1e1: san() and lan() expect move to be legal or null, but got f1e1 in r1bq1rk1/ppp2ppp/3p4/2bNp3/2P1P3/5N2/PPP2PPP/R2QR1K1 b - - 2 11
2025-11-01 20:03:07,825 - analyzers.stockfish_analyzer - ERROR - Error evaluating move a2a4: san() and lan() expect move to be legal or null, but got a2a4 in 3r1rk1/pp3ppp/2ppb3/q7/P1PRP3/1PN4P/2PQ1PP1/R5K1 b - - 0 20
2025-11-01 20:03:07,912 - analyzers.stockfish_analyzer - ERROR - Error evaluating move a1d1: san() and lan() expect move to be legal or null, but got a1d1 in 3r1rk1/p4ppp/3pb3/qpp5/P1P1P3/1PNR3P/2PQ1PP1/3R2K1 b - - 1 22
2025-11-01 20:03:08,022 - analyzers.stockfish_analyzer - ERROR - Error evaluating move d3d6: san() and lan() expect move to be legal or null, but got d3d6 in 3r1rk1/p4ppp/3Rb3/q1p5/P1p1P3/1PN4P/2PQ1PP1/3R2K1 b - - 0 23
2025-11-01 20:03:08,090 - analyzers.stockfish_analyzer - ERROR - Error evaluating move d6d8: san() and lan() expect move to be legal or null, but got d6d8 in 3Q1rk1/p4ppp/4b3/2p5/P1p1P3/1Pq4P/2P2PP1/3R2K1 b - - 1 25
2025-11-01 20:03:08,105 - analyzers.performance_calculator - INFO - Analyzing game 9/20: v7p3r vs Agagon123456789
2025-11-01 20:03:08,617 - analyzers.stockfish_analyzer - ERROR - Error evaluating move d2d3: san() and lan() expect move to be legal or null, but got d2d3 in rnbqkbnr/ppp2ppp/8/3pp3/4P3/2NP4/PPP2PPP/R1BQKBNR b KQkq - 0 3
2025-11-01 20:03:09,010 - analyzers.stockfish_analyzer - ERROR - Error evaluating move f2f4: san() and lan() expect move to be legal or null, but got f2f4 in rnb1k1nr/ppp1bppp/8/4p3/4PP2/8/PPP3PP/R1BNKBNR b KQkq - 0 6
2025-11-01 20:03:09,343 - analyzers.stockfish_analyzer - ERROR - Error evaluating move f1b5: san() and lan() expect move to be legal or null, but got f1b5 in r3k1nr/pppbbppp/2n5/1B2P3/4P3/8/PPP3PP/R1BNK1NR b KQkq - 2 8
2025-11-01 20:03:09,702 - analyzers.stockfish_analyzer - ERROR - Error evaluating move c2c3: san() and lan() expect move to be legal or null, but got c2c3 in r5nr/pppkbppp/8/4n3/4P3/2P5/PP4PP/R1BNK1NR b KQ - 0 10
2025-11-01 20:03:10,162 - analyzers.stockfish_analyzer - ERROR - Error evaluating move e3a7: san() and lan() expect move to be legal or null, but got e3a7 in 3r3r/Bppkbppp/5n2/4n3/4P3/2P5/PP4PP/R2NK1NR b KQ - 0 12
2025-11-01 20:03:11,054 - analyzers.stockfish_analyzer - ERROR - Error evaluating move f3e5: san() and lan() expect move to be legal or null, but got f3e5 in 2kr3r/1pp1bpp1/2nn3p/4N3/8/2P1B3/PP3NPP/2KR3R b - - 5 17
2025-11-01 20:03:11,105 - analyzers.stockfish_analyzer - ERROR - Error evaluating move e3a7: san() and lan() expect move to be legal or null, but got e3a7 in 2kr3r/Bpp1bpp1/3n3p/4n3/8/2P5/PP3NPP/2KR3R b - - 1 18
2025-11-01 20:03:11,234 - analyzers.stockfish_analyzer - ERROR - Error evaluating move h1d1: san() and lan() expect move to be legal or null, but got h1d1 in 2kr4/Bpp2pp1/7p/4n3/2n2b1P/2P5/PP3NP1/1K1R4 b - - 1 22
2025-11-01 20:03:11,290 - analyzers.stockfish_analyzer - ERROR - Error evaluating move b2b3: san() and lan() expect move to be legal or null, but got b2b3 in 2k5/1pp3p1/5p1p/4n3/2nB1b1P/1PP5/P2r1NP1/1K1R4 b - - 0 24
2025-11-01 20:03:11,599 - analyzers.stockfish_analyzer - ERROR - Error evaluating move e1e2: san() and lan() expect move to be legal or null, but got e1e2 in 2k5/2p5/1p5p/1P4p1/5bP1/2P5/PK2RB2/8 b - - 3 33
2025-11-01 20:03:11,703 - analyzers.stockfish_analyzer - ERROR - Error evaluating move h8e8: san() and lan() expect move to be legal or null, but got h8e8 in 4Q3/1kp5/1p1b4/1P6/3B4/2P3p1/PK2R3/8 b - - 2 40
2025-11-01 20:03:11,727 - analyzers.performance_calculator - INFO - Analyzing game 10/20: davii507 vs v7p3r
2025-11-01 20:03:12,380 - analyzers.stockfish_analyzer - ERROR - Error evaluating move c8g4: san() and lan() expect move to be legal or null, but got c8g4 in r2qkbnr/ppp1nppp/3p4/3Pp3/4P1b1/2N2N2/PPP2PPP/R1BQKB1R w KQkq - 3 6
2025-11-01 20:03:12,696 - analyzers.stockfish_analyzer - ERROR - Error evaluating move g7g6: san() and lan() expect move to be legal or null, but got g7g6 in r2qkb1r/ppp1np1p/3p1np1/3Pp3/4P3/2N2B1P/PPP2PP1/R1BQK2R w KQkq - 0 9
2025-11-01 20:03:12,799 - analyzers.stockfish_analyzer - ERROR - Error evaluating move d8d7: san() and lan() expect move to be legal or null, but got d8d7 in r3kb1r/pppqnp1p/3p1np1/3Pp3/4P3/2N2B1P/PPP2PP1/R1BQ1RK1 w kq - 2 10
2025-11-01 20:03:13,006 - analyzers.stockfish_analyzer - ERROR - Error evaluating move c7c5: san() and lan() expect move to be legal or null, but got c7c5 in r3k2r/pp1qnpbp/3p1np1/2pPp1B1/4P3/2N2B1P/PPP1QPP1/R4RK1 w kq c6 0 12
2025-11-01 20:03:13,808 - analyzers.stockfish_analyzer - ERROR - Error evaluating move e8c8: san() and lan() expect move to be legal or null, but got e8c8 in 2kr3r/1p2npb1/pq1p2pp/2pPp3/4P1P1/N3B3/PPP1QPP1/1R3RK1 w - - 2 18
2025-11-01 20:03:13,846 - analyzers.stockfish_analyzer - ERROR - Error evaluating move c5b4: san() and lan() expect move to be legal or null, but got c5b4 in 2kr3r/1p2npb1/pq1p2pp/3Pp3/1p2P1P1/N3B3/P1P1QPP1/1R3RK1 w - - 0 19
2025-11-01 20:03:13,870 - analyzers.stockfish_analyzer - ERROR - Error evaluating move b4a3: san() and lan() expect move to be legal or null, but got b4a3 in 2kr3r/1p2npb1/pB1p2pp/3Pp3/4P1P1/p7/P1P1QPP1/1R3RK1 w - - 0 20
2025-11-01 20:03:13,893 - analyzers.stockfish_analyzer - ERROR - Error evaluating move h6h5: san() and lan() expect move to be legal or null, but got h6h5 in 2kB3r/1p2npb1/p2p2p1/3Pp2p/4P1P1/p7/P1P1QPP1/1R3RK1 w - - 0 21
2025-11-01 20:03:13,972 - analyzers.stockfish_analyzer - ERROR - Error evaluating move g7h6: san() and lan() expect move to be legal or null, but got g7h6 in 7r/1p1k1p2/pR1B2pb/3Pp3/4P3/p5P1/P1P1Q1P1/5RK1 w - - 1 25
2025-11-01 20:03:13,991 - analyzers.performance_calculator - INFO - Analyzing game 11/20: GhostsofWar vs v7p3r
2025-11-01 20:03:14,140 - analyzers.stockfish_analyzer - ERROR - Error evaluating move d7d5: san() and lan() expect move to be legal or null, but got d7d5 in rnbqkbnr/ppp1pppp/8/3p4/4P3/8/PPPP1PPP/RNBQKBNR w KQkq - 0 2
2025-11-01 20:03:14,960 - analyzers.stockfish_analyzer - ERROR - Error evaluating move e7e5: san() and lan() expect move to be legal or null, but got e7e5 in r3kbnr/pppb1ppp/2n5/1B2p3/4P3/5P2/PPP1N1PP/RNBK3R w kq - 0 8
2025-11-01 20:03:15,158 - analyzers.stockfish_analyzer - ERROR - Error evaluating move f7f6: san() and lan() expect move to be legal or null, but got f7f6 in r3kbnr/pppb2pp/2n2p2/1B2p1B1/4P3/5P2/PPP1N1PP/RN1K3R w kq - 0 9
2025-11-01 20:03:15,468 - analyzers.stockfish_analyzer - ERROR - Error evaluating move f8h6: san() and lan() expect move to be legal or null, but got f8h6 in 2kr2nr/pppb3p/2n2ppb/1B2p3/4P3/4BPN1/PPP1K1PP/RN5R w - - 2 12
2025-11-01 20:03:15,583 - analyzers.stockfish_analyzer - ERROR - Error evaluating move g8e7: san() and lan() expect move to be legal or null, but got g8e7 in 2kr3r/pppbn2p/5ppb/1B2p3/4PP2/6P1/PP3K1P/nN1R1N2 w - - 1 19
2025-11-01 20:03:15,625 - analyzers.stockfish_analyzer - ERROR - Error evaluating move f8f6: san() and lan() expect move to be legal or null, but got f8f6 in 2kr4/pppbn2p/5rpb/4p3/2B1P3/6P1/PP4KP/nN1R1N2 w - - 4 22
2025-11-01 20:03:15,644 - analyzers.stockfish_analyzer - ERROR - Error evaluating move g6g5: san() and lan() expect move to be legal or null, but got g6g5 in 2kr4/pppbn2p/5r1b/4p1p1/2B1P3/4N1P1/PP4KP/nN1R4 w - - 0 23
2025-11-01 20:03:15,660 - analyzers.stockfish_analyzer - ERROR - Error evaluating move h6g7: san() and lan() expect move to be legal or null, but got h6g7 in 2kr4/pppbn1bp/5r2/4p1p1/2B1P1N1/6P1/PP4KP/nN1R4 w - - 2 24
2025-11-01 20:03:15,715 - analyzers.stockfish_analyzer - ERROR - Error evaluating move d7c6: san() and lan() expect move to be legal or null, but got d7c6 in 2k2r2/ppp1n2p/2b2b2/4p1p1/2B1P3/2N3P1/PP4KP/n4R2 w - - 4 27
2025-11-01 20:03:15,742 - analyzers.stockfish_analyzer - ERROR - Error evaluating move g5g4: san() and lan() expect move to be legal or null, but got g5g4 in 2k2r2/ppp1n2p/2b2b2/4p3/2B1P1p1/2N3P1/PP4KP/R7 w - - 0 28
2025-11-01 20:03:15,784 - analyzers.stockfish_analyzer - ERROR - Error evaluating move f8d8: san() and lan() expect move to be legal or null, but got f8d8 in 2kr4/ppp1n2p/2b2b2/4p3/1PB1P1p1/2N3P1/P5KP/R7 w - - 1 29
2025-11-01 20:03:15,991 - analyzers.stockfish_analyzer - ERROR - Error evaluating move d4c4: san() and lan() expect move to be legal or null, but got d4c4 in 1k6/ppp1n2p/2b1Bb2/4p3/PPr1P1p1/2N3P1/6KP/5R2 w - - 5 32
2025-11-01 20:03:16,145 - analyzers.stockfish_analyzer - ERROR - Error evaluating move c4b4: san() and lan() expect move to be legal or null, but got c4b4 in 1k6/ppp1n2p/4Bb2/3Pp3/Pr4p1/6P1/6KP/5R2 w - - 0 34
2025-11-01 20:03:16,437 - analyzers.stockfish_analyzer - ERROR - Error evaluating move h7h5: san() and lan() expect move to be legal or null, but got h7h5 in 1k6/ppp1n3/4BR2/3Pp2p/P5p1/6P1/1r5P/5K2 w - - 0 36
2025-11-01 20:03:16,524 - analyzers.stockfish_analyzer - ERROR - Error evaluating move b7b6: san() and lan() expect move to be legal or null, but got b7b6 in 1kB2R2/2p5/pp6/P2Pp2p/6p1/6P1/1r5P/5K2 w - - 0 39
2025-11-01 20:03:17,049 - analyzers.performance_calculator - INFO - Analyzing game 12/20: v7p3r vs amaamame
2025-11-01 20:03:17,531 - analyzers.stockfish_analyzer - ERROR - Error evaluating move f1c4: san() and lan() expect move to be legal or null, but got f1c4 in rnbqkbnr/pp1p1ppp/2p1p3/8/2B1P3/2N5/PPPP1PPP/R1BQK1NR b KQkq - 1 3
2025-11-01 20:03:17,937 - analyzers.stockfish_analyzer - ERROR - Error evaluating move e4e5: san() and lan() expect move to be legal or null, but got e4e5 in rnbqkbnr/5ppp/p1p1p3/1p1pP3/8/1BNP4/PPP2PPP/R1BQK1NR b KQkq - 0 6
2025-11-01 20:03:18,347 - analyzers.stockfish_analyzer - ERROR - Error evaluating move e5f6: san() and lan() expect move to be legal or null, but got e5f6 in rnbqkbnr/6pp/p1p1pP2/1p1p4/8/1BNP4/PPP2PPP/R1BQK1NR b KQkq - 0 7
2025-11-01 20:03:18,699 - analyzers.stockfish_analyzer - ERROR - Error evaluating move c1h6: san() and lan() expect move to be legal or null, but got c1h6 in rnbq1bnr/3k3p/p1p1pp1B/1p1p3Q/8/1BNP4/PPP2PPP/R3K1NR b KQ - 3 9
2025-11-01 20:03:18,738 - analyzers.stockfish_analyzer - ERROR - Error evaluating move d3d4: san() and lan() expect move to be legal or null, but got d3d4 in rnbq1b1r/3k3p/p1p1pp1n/1p1p3Q/3P4/1BN5/PPP2PPP/R3K1NR b KQ - 0 10
2025-11-01 20:03:18,775 - analyzers.stockfish_analyzer - ERROR - Error evaluating move g2g3: san() and lan() expect move to be legal or null, but got g2g3 in rnbq1br1/3k3p/p1p1pp1n/1p1p3Q/3P4/1BN3P1/PPP2P1P/R3K1NR b KQ - 0 11
2025-11-01 20:03:19,011 - analyzers.stockfish_analyzer - ERROR - Error evaluating move e1c1: san() and lan() expect move to be legal or null, but got e1c1 in rnb2b2/3kq1rp/p1p1pp1Q/1p1p4/3P4/1BN3P1/PPP2P1P/2KR2NR b - - 2 13
2025-11-01 20:03:19,170 - analyzers.stockfish_analyzer - ERROR - Error evaluating move h6h3: san() and lan() expect move to be legal or null, but got h6h3 in rnbk1b2/4q1rp/p1p1pp2/1p1p4/3P4/1BN3PQ/PPP2P1P/2KR2NR b - - 4 14
2025-11-01 20:03:19,428 - analyzers.stockfish_analyzer - ERROR - Error evaluating move g1f3: san() and lan() expect move to be legal or null, but got g1f3 in rnbk1b2/6rp/p1p1qp2/1p1pp3/3P4/1BN2NP1/PPP2PQP/2KR3R b - - 3 16
2025-11-01 20:03:20,068 - analyzers.stockfish_analyzer - ERROR - Error evaluating move f3f4: san() and lan() expect move to be legal or null, but got f3f4 in rnbk4/4r2p/p1p2p1b/1p1p2q1/3PpP2/1BN3P1/PPP3QP/1K1RR1N1 b - - 0 21
2025-11-01 20:03:20,746 - analyzers.stockfish_analyzer - ERROR - Error evaluating move e1f1: san() and lan() expect move to be legal or null, but got e1f1 in r1bk4/3nr2p/p1p2pqb/1p1p4/3PpPP1/1BN4P/PPP3Q1/1K1R1RN1 b - - 2 24
2025-11-01 20:03:21,581 - analyzers.stockfish_analyzer - ERROR - Error evaluating move g1f3: san() and lan() expect move to be legal or null, but got g1f3 in r1bk4/4r1qp/pnp2p1b/1p1p1P2/3P2PP/1BN1pNQ1/PPP5/1K1R1R2 b - - 2 28
2025-11-01 20:03:22,219 - analyzers.stockfish_analyzer - ERROR - Error evaluating move f1e1: san() and lan() expect move to be legal or null, but got f1e1 in r1b3Q1/2k1q2p/pnp5/1p1p1P2/3P4/1B3N2/PPP1r3/1K1RR3 b - - 4 34
2025-11-01 20:03:22,303 - analyzers.stockfish_analyzer - ERROR - Error evaluating move f3e5: san() and lan() expect move to be legal or null, but got f3e5 in r5Q1/2k1q2p/pnp5/1p1pNb2/3P4/1B6/PPP1r3/1K1RR3 b - - 1 35
2025-11-01 20:03:22,354 - analyzers.stockfish_analyzer - ERROR - Error evaluating move e2e1: san() and lan() expect move to be legal or null, but got e2e1 in 6r1/2knq2p/p1p5/1p1pNb2/3P4/1B6/PPP5/1K1RR3 b - - 2 37
2025-11-01 20:03:22,773 - analyzers.stockfish_analyzer - ERROR - Error evaluating move e1e6: san() and lan() expect move to be legal or null, but got e1e6 in 8/4R2p/p1pkR3/1p1p4/3q2b1/1B6/PPP5/1K6 b - - 3 43
2025-11-01 20:03:22,842 - analyzers.stockfish_analyzer - ERROR - Error evaluating move e7c7: san() and lan() expect move to be legal or null, but got e7c7 in 8/2R4p/p1p1R3/1pkp4/3q2b1/1B6/PPP5/1K6 b - - 5 44
2025-11-01 20:03:22,842 - analyzers.performance_calculator - INFO - Analyzing game 13/20: Mateo-BOT vs v7p3r
2025-11-01 20:03:23,650 - analyzers.stockfish_analyzer - ERROR - Error evaluating move c6d4: san() and lan() expect move to be legal or null, but got c6d4 in r1bk1bnr/pp2pppp/8/2P3B1/2pnP3/8/PP3PPP/RN2KBNR w KQ - 3 7
2025-11-01 20:03:24,080 - analyzers.stockfish_analyzer - ERROR - Error evaluating move a1c2: san() and lan() expect move to be legal or null, but got a1c2 in r1bk1b1r/pp2pppp/8/2n1P1B1/2pN4/2N1K3/PPn2PPP/5B1R w - - 2 13
2025-11-01 20:03:24,183 - analyzers.stockfish_analyzer - ERROR - Error evaluating move g7g6: san() and lan() expect move to be legal or null, but got g7g6 in r1bk1b1r/pp2pp1p/6p1/2n1P1B1/2p5/2N1K3/PPN2PPP/5B1R w - - 0 14
2025-11-01 20:03:24,526 - analyzers.stockfish_analyzer - ERROR - Error evaluating move a8b8: san() and lan() expect move to be legal or null, but got a8b8 in 1r1k1b1r/pp1npp1p/4b1p1/3BP1B1/1P6/2N1K3/P1N2PPP/7R w - - 3 17
2025-11-01 20:03:25,039 - analyzers.stockfish_analyzer - ERROR - Error evaluating move f8g7: san() and lan() expect move to be legal or null, but got f8g7 in 1r2k2r/pp2p1bp/4N1p1/4n1B1/1P2K3/2N5/P4PPP/7R w - - 3 21
2025-11-01 20:03:25,247 - analyzers.stockfish_analyzer - ERROR - Error evaluating move e5d3: san() and lan() expect move to be legal or null, but got e5d3 in 1r5r/pp2pkNp/6p1/8/1P2K3/2Nn4/P4PPP/2B4R w - - 3 23
2025-11-01 20:03:25,372 - analyzers.stockfish_analyzer - ERROR - Error evaluating move b8d8: san() and lan() expect move to be legal or null, but got b8d8 in 3r3r/pp2p1kp/6p1/8/1P6/2NK1P2/P5PP/2B4R w - - 1 25
2025-11-01 20:03:25,424 - analyzers.stockfish_analyzer - ERROR - Error evaluating move e7e5: san() and lan() expect move to be legal or null, but got e7e5 in 3r3r/pp4kp/6p1/4p3/1P6/2N1KP2/P5PP/2B4R w - - 0 26
2025-11-01 20:03:25,577 - analyzers.stockfish_analyzer - ERROR - Error evaluating move d8e8: san() and lan() expect move to be legal or null, but got d8e8 in 4r2r/pp4kp/6p1/4p3/1P3P2/2N1K3/P5PP/2B4R w - - 1 27
2025-11-01 20:03:25,855 - analyzers.stockfish_analyzer - ERROR - Error evaluating move g6g5: san() and lan() expect move to be legal or null, but got g6g5 in 4r2r/pp4kp/8/6p1/1P3p2/5K2/P5PP/1NB4R w - - 0 29
2025-11-01 20:03:26,077 - analyzers.stockfish_analyzer - ERROR - Error evaluating move h7h6: san() and lan() expect move to be legal or null, but got h7h6 in 7r/pp6/6kp/6p1/1P3p2/5KP1/P6P/1N5R w - - 0 32
2025-11-01 20:03:26,375 - analyzers.stockfish_analyzer - ERROR - Error evaluating move f8d8: san() and lan() expect move to be legal or null, but got f8d8 in 3r4/3N4/p6p/1p3kp1/1P3p2/5KP1/P6P/3R4 w - - 4 37
2025-11-01 20:03:26,836 - analyzers.stockfish_analyzer - ERROR - Error evaluating move h1f1: san() and lan() expect move to be legal or null, but got h1f1 in 8/8/N7/8/1Pk5/6K1/8/q4q2 w - - 2 56
2025-11-01 20:03:26,846 - analyzers.stockfish_analyzer - ERROR - Error evaluating move a1g7: san() and lan() expect move to be legal or null, but got a1g7 in 8/6q1/N7/8/1Pk4K/8/8/5q2 w - - 4 57
2025-11-01 20:03:26,851 - analyzers.performance_calculator - INFO - Analyzing game 14/20: v7p3r vs Wendy-BOT
2025-11-01 20:03:28,358 - analyzers.stockfish_analyzer - ERROR - Error evaluating move e5f6: san() and lan() expect move to be legal or null, but got e5f6 in r2qkb1r/2p3pp/p4P2/3p4/2p5/5N1P/PPP2P1P/R1BQK2R b KQkq - 0 13
2025-11-01 20:03:28,462 - analyzers.stockfish_analyzer - ERROR - Error evaluating move c1f4: san() and lan() expect move to be legal or null, but got c1f4 in r2qk2r/2p1b2p/p4p2/3p4/2p2B2/5N1P/PPP1QP1P/R3K2R b KQkq - 3 15
2025-11-01 20:03:28,502 - analyzers.stockfish_analyzer - ERROR - Error evaluating move e1c1: san() and lan() expect move to be legal or null, but got e1c1 in rq2k2r/2p1b2p/p4p2/3p4/2p2B2/5N1P/PPP1QP1P/2KR3R b kq - 5 16
2025-11-01 20:03:28,624 - analyzers.stockfish_analyzer - ERROR - Error evaluating move d7e7: san() and lan() expect move to be legal or null, but got d7e7 in 2r2k1r/4R3/p1p2p1p/3p4/2p2B2/5N1P/PPP1QP1P/2K1R3 b - - 1 22
2025-11-01 20:03:28,643 - analyzers.stockfish_analyzer - ERROR - Error evaluating move e7e8: san() and lan() expect move to be legal or null, but got e7e8 in 3rRk1r/8/p1pB1p1p/3p4/2p5/5N1P/PPP1QP1P/2K1R3 b - - 5 24
2025-11-01 20:03:28,668 - analyzers.stockfish_analyzer - ERROR - Error evaluating move e8h8: san() and lan() expect move to be legal or null, but got e8h8 in 3r3R/4Q3/p1pB1p1p/3p3k/2p5/5N1P/PPP2P1P/2K3R1 b - - 0 27
2025-11-01 20:03:28,678 - analyzers.performance_calculator - INFO - Analyzing game 15/20: v7p3r vs joeystacks23
2025-11-01 20:03:29,743 - analyzers.stockfish_analyzer - ERROR - Error evaluating move d1e2: san() and lan() expect move to be legal or null, but got d1e2 in r1bqk2r/ppp2pp1/2np1n1p/2b1p3/2B1P3/P1NP1N2/1PP1QPPP/R1B1K2R b KQkq - 1 7
2025-11-01 20:03:29,861 - analyzers.stockfish_analyzer - ERROR - Error evaluating move c1h6: san() and lan() expect move to be legal or null, but got c1h6 in r1bq1rk1/ppp2pp1/2np1n1B/2b1p3/2B1P3/P1NP1N2/1PP1QPPP/R3K2R b KQ - 0 8
2025-11-01 20:03:29,911 - analyzers.stockfish_analyzer - ERROR - Error evaluating move f3h4: san() and lan() expect move to be legal or null, but got f3h4 in r1bq1rk1/ppp2p2/2np1n1p/2b1p3/2B1P2N/P1NP4/1PP1QPPP/R3K2R b KQ - 1 9
2025-11-01 20:03:29,992 - analyzers.stockfish_analyzer - ERROR - Error evaluating move e2g4: san() and lan() expect move to be legal or null, but got e2g4 in r1b2rk1/ppp2p2/2np3p/2b1p3/2B1P1Qq/P1NP3P/1PP2PP1/R3K2R b KQ - 0 11
2025-11-01 20:03:30,031 - analyzers.stockfish_analyzer - ERROR - Error evaluating move c3e2: san() and lan() expect move to be legal or null, but got c3e2 in r4rk1/ppp2p2/2np3p/2b1p2q/2B1P1b1/P2P2PP/1PP1NP2/R3K2R b KQ - 2 13
2025-11-01 20:03:30,091 - analyzers.stockfish_analyzer - ERROR - Error evaluating move h3h4: san() and lan() expect move to be legal or null, but got h3h4 in r4rk1/ppp2p2/2np3p/2b1p2q/2BPb2P/P5P1/1PP2P2/R3K1R1 b Q - 0 16
2025-11-01 20:03:30,132 - analyzers.stockfish_analyzer - ERROR - Error evaluating move f2f4: san() and lan() expect move to be legal or null, but got f2f4 in r4rk1/ppp2p2/2np3p/4pq2/3bbP1P/P5P1/1PP1B3/R3K1R1 b Q - 0 18
2025-11-01 20:03:30,160 - analyzers.stockfish_analyzer - ERROR - Error evaluating move a1b1: san() and lan() expect move to be legal or null, but got a1b1 in r4rk1/ppp2p2/2np3p/4pq2/4bP1P/P5P1/1bP1B3/1R2K1R1 b - - 1 19
2025-11-01 20:03:30,206 - analyzers.stockfish_analyzer - ERROR - Error evaluating move b1b7: san() and lan() expect move to be legal or null, but got b1b7 in r4rk1/pRp2p2/3p3p/4pq2/3n1P1P/P1b3P1/2b1B3/2K3R1 b - - 0 22
2025-11-01 20:03:30,216 - analyzers.stockfish_analyzer - ERROR - Error evaluating move b7c7: san() and lan() expect move to be legal or null, but got b7c7 in 1r3rk1/p1R2p2/3p3p/4pq2/3n1P1P/P1b3P1/2b1B3/2K3R1 b - - 0 23
2025-11-01 20:03:30,216 - analyzers.performance_calculator - INFO - Analyzing game 16/20: birds2000 vs v7p3r
2025-11-01 20:03:31,017 - analyzers.stockfish_analyzer - ERROR - Error evaluating move f8c5: san() and lan() expect move to be legal or null, but got f8c5 in r1bqk1nr/pp1n1ppp/2p1p3/2bp4/6P1/5N1P/PPPPPPB1/RNBQ1RK1 w kq - 2 6
2025-11-01 20:03:31,199 - analyzers.stockfish_analyzer - ERROR - Error evaluating move b7b5: san() and lan() expect move to be legal or null, but got b7b5 in r1bqk1nr/p4ppp/2p1p3/1pbpn3/6P1/4P2P/PPPP1PB1/RNBQ1RK1 w kq - 0 8
2025-11-01 20:03:31,249 - analyzers.stockfish_analyzer - ERROR - Error evaluating move a7a6: san() and lan() expect move to be legal or null, but got a7a6 in r1bqk1nr/5ppp/p1p1p3/1pbpn3/6P1/2N1P2P/PPPP1PB1/R1BQ1RK1 w kq - 0 9
2025-11-01 20:03:31,292 - analyzers.stockfish_analyzer - ERROR - Error evaluating move d5d4: san() and lan() expect move to be legal or null, but got d5d4 in r1bqk1nr/5ppp/p1p1p3/1pb1n3/1P1p2P1/2N1P2P/P1PP1PB1/R1BQ1RK1 w kq - 0 10
2025-11-01 20:03:31,502 - analyzers.performance_calculator - INFO - Analyzing game 17/20: v7p3r vs Chessman01345
2025-11-01 20:03:32,486 - analyzers.stockfish_analyzer - ERROR - Error evaluating move h2h3: san() and lan() expect move to be legal or null, but got h2h3 in r2qkbnr/ppp2ppp/2n5/4p3/3pP1b1/3P1N1P/PPP1NPP1/R1BQKB1R b KQkq - 0 6
2025-11-01 20:03:33,313 - analyzers.stockfish_analyzer - ERROR - Error evaluating move f4h6: san() and lan() expect move to be legal or null, but got f4h6 in r2q1rk1/ppp2ppp/2nb1n1B/8/3pP3/3P3P/PPPQNP2/R3KB1R b KQ - 4 11
2025-11-01 20:03:33,860 - analyzers.stockfish_analyzer - ERROR - Error evaluating move e2f4: san() and lan() expect move to be legal or null, but got e2f4 in r2q1rk1/ppp2ppp/2n4B/b6n/4PN2/2PP3P/P2Q1P2/R3KBR1 b Q - 4 15
2025-11-01 20:03:34,403 - analyzers.stockfish_analyzer - ERROR - Error evaluating move d2h6: san() and lan() expect move to be legal or null, but got d2h6 in r2q1r1k/ppp2p1p/2n4Q/b6N/4P3/2PP3P/P4P2/R3KBR1 b Q - 0 17
2025-11-01 20:03:34,578 - analyzers.stockfish_analyzer - ERROR - Error evaluating move h6g7: san() and lan() expect move to be legal or null, but got h6g7 in r2q1r1k/ppp2pQp/2n5/7N/4P3/3P3P/P3KP2/b4BR1 b - - 1 19
2025-11-01 20:03:34,669 - analyzers.stockfish_analyzer - ERROR - Error evaluating move a2a3: san() and lan() expect move to be legal or null, but got a2a3 in r2q2rk/ppp2R1p/8/7N/1n2P3/P2P3P/3K1P2/5B2 b - - 0 24
2025-11-01 20:03:34,712 - analyzers.stockfish_analyzer - ERROR - Error evaluating move c3b4: san() and lan() expect move to be legal or null, but got c3b4 in r5rk/ppp2R1p/8/7q/1K2P3/P2P3P/5P2/5B2 b - - 0 26
2025-11-01 20:03:34,712 - analyzers.performance_calculator - INFO - Analyzing game 18/20: 13GabrielMx vs v7p3r
2025-11-01 20:03:35,378 - analyzers.stockfish_analyzer - ERROR - Error evaluating move f7f6: san() and lan() expect move to be legal or null, but got f7f6 in rn1qkbnr/pp4pp/2p1pp2/3pPbB1/3P4/5N2/PPP2PPP/RN1QKB1R w KQkq - 0 6
2025-11-01 20:03:35,572 - analyzers.stockfish_analyzer - ERROR - Error evaluating move c6c5: san() and lan() expect move to be legal or null, but got c6c5 in rn1qkbnr/pp4pp/4pp2/2ppPb2/3P4/4BN2/PPP2PPP/RN1QKB1R w KQkq - 0 7
2025-11-01 20:03:35,856 - analyzers.stockfish_analyzer - ERROR - Error evaluating move g8e7: san() and lan() expect move to be legal or null, but got g8e7 in rn1qkb1r/pp2n1pp/4ppb1/2ppP3/3P3N/3BB3/PPP2PPP/RN1QK2R w KQkq - 4 9
2025-11-01 20:03:36,511 - analyzers.stockfish_analyzer - ERROR - Error evaluating move d7c5: san() and lan() expect move to be legal or null, but got d7c5 in r2qkb1r/pp4pp/4p1n1/2npPp2/3B1P2/3B4/PPP3PP/RN1QK2R w KQkq - 0 13
2025-11-01 20:03:36,862 - analyzers.stockfish_analyzer - ERROR - Error evaluating move g2f4: san() and lan() expect move to be legal or null, but got g2f4 in r2qk2r/pp4pp/4p3/3pPp2/5n2/2NBb3/PPP1K2P/R2Q1R2 w kq - 4 18
2025-11-01 20:03:37,548 - analyzers.stockfish_analyzer - ERROR - Error evaluating move d8d1: san() and lan() expect move to be legal or null, but got d8d1 in r4rk1/pp4pp/4p3/4Pp2/2B2K2/2P5/P1P4P/R2q1R2 w - - 0 22
2025-11-01 20:03:37,642 - analyzers.stockfish_analyzer - ERROR - Error evaluating move b7b6: san() and lan() expect move to be legal or null, but got b7b6 in r3r1k1/p2R2pp/1p2p3/4Pp2/2B2K2/2P5/P1P4P/5R2 w - - 0 24
2025-11-01 20:03:38,086 - analyzers.stockfish_analyzer - ERROR - Error evaluating move g1g4: san() and lan() expect move to be legal or null, but got g1g4 in 3r3k/7p/1p2R3/pB2Pp2/P4Kr1/2P5/2P4P/8 w - - 1 30
2025-11-01 20:03:38,681 - analyzers.stockfish_analyzer - ERROR - Error evaluating move h8g8: san() and lan() expect move to be legal or null, but got h8g8 in 4B1k1/7p/1p2P3/p3K3/P7/2P5/2P2r2/8 w - - 3 35
2025-11-01 20:03:38,731 - analyzers.stockfish_analyzer - ERROR - Error evaluating move f2c2: san() and lan() expect move to be legal or null, but got f2c2 in 4B1k1/4P2p/1p6/p3K3/P7/2P5/2r5/8 w - - 0 36
2025-11-01 20:03:39,174 - analyzers.performance_calculator - INFO - Analyzing game 19/20: v7p3r vs lichess AI level 3
2025-11-01 20:03:39,175 - analyzers.performance_calculator - WARNING - Error processing move Rxc8: push() expects move to be pseudo-legal, but got f8c8 in rnQ3b1/pp3ppp/6r1/1k1p4/3Pp3/1R6/PP2PPPP/1N2K1BR
2025-11-01 20:03:39,330 - analyzers.stockfish_analyzer - ERROR - Error evaluating move c2c3: san() and lan() expect move to be legal or null, but got c2c3 in rnbqkbnr/pppppppp/8/8/8/2P5/PP1PPPPP/RNBQKBNR b KQkq - 0 1
2025-11-01 20:03:39,372 - analyzers.stockfish_analyzer - ERROR - Error evaluating move f1g1: san() and lan() expect move to be legal or null, but got f1g1 in rnbqk1br/pppppppp/8/8/8/2P5/PP1PPPPP/RNBQK1BR b KQkq - 2 2
2025-11-01 20:03:39,491 - analyzers.stockfish_analyzer - ERROR - Error evaluating move a1c2: san() and lan() expect move to be legal or null, but got a1c2 in rnbqk1br/ppp1pppp/8/3p4/8/2P5/PPRPPPPP/1NBQK1BR b Kkq - 1 3
2025-11-01 20:03:39,703 - analyzers.stockfish_analyzer - ERROR - Error evaluating move c2d4: san() and lan() expect move to be legal or null, but got c2d4 in rnbqk1b1/ppp1pppp/6r1/3p4/3R4/2P5/PP1PPPPP/1NBQK1BR b Kq - 3 4
2025-11-01 20:03:39,801 - analyzers.stockfish_analyzer - ERROR - Error evaluating move d4b3: san() and lan() expect move to be legal or null, but got d4b3 in rnbqk1b1/ppp2ppp/6r1/3pp3/8/1RP5/PP1PPPPP/1NBQK1BR b Kq - 1 5
2025-11-01 20:03:40,213 - analyzers.stockfish_analyzer - ERROR - Error evaluating move c1c8: san() and lan() expect move to be legal or null, but got c1c8 in rnBqk1b1/pp3ppp/6r1/3p4/3Pp3/1R6/PP2PPPP/1N1QK1BR b Kq - 0 8
2025-11-01 20:03:40,493 - analyzers.stockfish_analyzer - ERROR - Error evaluating move d1c1: san() and lan() expect move to be legal or null, but got d1c1 in rnq1k1b1/pp3ppp/6r1/3p4/3Pp3/1R6/PP2PPPP/1NQ1K1BR b Kq - 1 9
2025-11-01 20:03:40,532 - analyzers.stockfish_analyzer - ERROR - Error analyzing position rnq3b1/pp3ppp/6r1/1k1p4/3Pp3/1R6/PP2PPPP/1NQ1K1BR w K - 2 10: The Stockfish process has crashed
2025-11-01 20:03:40,533 - analyzers.performance_calculator - INFO - Analyzing game 20/20: v7p3r vs v7p3r_bot
2025-11-01 20:03:40,536 - analyzers.stockfish_analyzer - ERROR - Error analyzing position rnbqkbnr/pppppppp/8/8/8/8/PPPPPPPP/RNBQKBNR w KQkq - 0 1: The Stockfish process has crashed
2025-11-01 20:03:40,537 - analyzers.stockfish_analyzer - ERROR - Error analyzing position rnbqkbnr/pppp1ppp/4p3/8/4P3/8/PPPP1PPP/RNBQKBNR w KQkq - 0 2: The Stockfish process has crashed
2025-11-01 20:03:40,537 - analyzers.stockfish_analyzer - ERROR - Error analyzing position rnb1kbnr/pppp1ppp/4p3/8/3PP2q/8/PPP2PPP/RNBQKBNR w KQkq - 1 3: The Stockfish process has crashed
2025-11-01 20:03:40,537 - analyzers.stockfish_analyzer - ERROR - Error analyzing position rnb1kbnr/ppp2ppp/4p3/3p4/3PP2q/5Q2/PPP2PPP/RNB1KBNR w KQkq - 0 4: The Stockfish process has crashed
2025-11-01 20:03:40,538 - analyzers.stockfish_analyzer - ERROR - Error analyzing position rnb1kbnr/ppp2ppp/4p3/3pP3/3q4/5Q2/PPP2PPP/RNB1KBNR w KQkq - 0 5: The Stockfish process has crashed
2025-11-01 20:03:40,538 - analyzers.stockfish_analyzer - ERROR - Error analyzing position rnb1kbnr/ppp2ppp/4p3/3pq3/8/2P2Q2/PP3PPP/RNB1KBNR w KQkq - 0 6: The Stockfish process has crashed
2025-11-01 20:03:40,538 - analyzers.stockfish_analyzer - ERROR - Error analyzing position rnb1kbnr/pp3ppp/2p1p3/3pq3/8/2P2Q2/PP2NPPP/RNB1KB1R w KQkq - 0 7: The Stockfish process has crashed
2025-11-01 20:03:40,539 - analyzers.stockfish_analyzer - ERROR - Error analyzing position rnb1kb1r/pp3ppp/2p1pn2/3pq3/8/2P1BQ2/PP2NPPP/RN2KB1R w KQkq - 2 8: The Stockfish process has crashed
2025-11-01 20:03:40,539 - analyzers.stockfish_analyzer - ERROR - Error analyzing position rnb1kb1r/pp3pp1/2p1pn1p/3pq3/8/2P1BQP1/PP2NP1P/RN2KB1R w KQkq - 0 9: The Stockfish process has crashed
2025-11-01 20:03:40,540 - analyzers.stockfish_analyzer - ERROR - Error analyzing position rnb1kb1r/1p3pp1/p1p1pn1p/3pq3/8/2P1BQP1/PP1NNP1P/R3KB1R w KQkq - 0 10: The Stockfish process has crashed
2025-11-01 20:03:40,540 - analyzers.stockfish_analyzer - ERROR - Error analyzing position rnb1kb1r/1p3pp1/p1p1pn1p/3p1q2/P7/2P1BQP1/1P1NNP1P/R3KB1R w KQkq - 1 11: The Stockfish process has crashed
2025-11-01 20:03:40,540 - analyzers.stockfish_analyzer - ERROR - Error analyzing position rnb1kb1r/1p3pp1/p1p2n1p/3p1p2/P7/2P1B1P1/1P1NNP1P/R3KB1R w KQkq - 0 12: The Stockfish process has crashed
2025-11-01 20:03:40,541 - analyzers.stockfish_analyzer - ERROR - Error analyzing position rnb1k2r/1p3pp1/p1pb1n1p/3p1p2/P7/2P1B1P1/1P1NNPBP/R3K2R w KQkq - 2 13: The Stockfish process has crashed
2025-11-01 20:03:40,541 - analyzers.stockfish_analyzer - ERROR - Error analyzing position rnb1k2r/1p3pp1/p1p2n1p/3p1p2/P4b2/2P3P1/1P1NNPBP/R3K2R w KQkq - 0 14: The Stockfish process has crashed
2025-11-01 20:03:40,541 - analyzers.stockfish_analyzer - ERROR - Error analyzing position rnb1k2r/1p3p2/p1p2n1p/3p1pp1/P4N2/2P3P1/1P1N1PBP/R3K2R w KQkq - 0 15: The Stockfish process has crashed
2025-11-01 20:03:40,542 - analyzers.stockfish_analyzer - ERROR - Error analyzing position rnb2rk1/1p3p2/p1p2n1p/3p1pp1/P7/2PN2P1/1P1N1PBP/R3K2R w KQ - 2 16: The Stockfish process has crashed
2025-11-01 20:03:40,542 - analyzers.stockfish_analyzer - ERROR - Error analyzing position rnb2rk1/1p3p2/p1p4p/3p1pp1/P3n3/2PN2P1/1P1N1PBP/R4RK1 w - - 4 17: The Stockfish process has crashed
2025-11-01 20:03:40,542 - analyzers.stockfish_analyzer - ERROR - Error analyzing position rnb2rk1/1p3p2/p1p4p/3p2p1/P3p3/2PN2P1/1P1N1P1P/R4RK1 w - - 0 18: The Stockfish process has crashed
2025-11-01 20:03:40,543 - analyzers.stockfish_analyzer - ERROR - Error analyzing position rn3rk1/1p3p2/p1p4p/3pN1p1/P3p3/2P3Pb/1P1N1P1P/R4RK1 w - - 2 19: The Stockfish process has crashed
2025-11-01 20:03:40,543 - analyzers.stockfish_analyzer - ERROR - Error analyzing position rn3rk1/1p6/p1p2p1p/3pN1p1/P3p3/2P3Pb/1P1N1P1P/R3R1K1 w - - 0 20: The Stockfish process has crashed
2025-11-01 20:03:40,543 - analyzers.stockfish_analyzer - ERROR - Error analyzing position rn2r1k1/1p6/p1p2pNp/3p2p1/P3p3/2P3Pb/1P1N1P1P/R3R1K1 w - - 2 21: The Stockfish process has crashed
2025-11-01 20:03:40,543 - analyzers.stockfish_analyzer - ERROR - Error analyzing position rn2r3/1p5k/p1p2pNp/3p2p1/P3p3/2P2PPb/1P1N3P/R3R1K1 w - - 1 22: The Stockfish process has crashed
2025-11-01 20:03:40,544 - analyzers.stockfish_analyzer - ERROR - Error analyzing position rn2r2k/1p6/p1p2p1p/3p2p1/P3p3/2P2PPb/1P1N3P/R3R1K1 w - - 0 23: The Stockfish process has crashed
2025-11-01 20:03:40,544 - analyzers.stockfish_analyzer - ERROR - Error analyzing position rn2r3/1p4k1/p1p2p1p/3p2p1/P3P3/2P3Pb/1P1N3P/R3R1K1 w - - 1 24: The Stockfish process has crashed
2025-11-01 20:03:40,544 - analyzers.stockfish_analyzer - ERROR - Error analyzing position rn6/1p4k1/p1p2p1p/3P2p1/P7/2P3Pb/1P1N3P/R3r1K1 w - - 0 25: The Stockfish process has crashed
2025-11-01 20:03:40,544 - analyzers.stockfish_analyzer - ERROR - Error analyzing position rn6/6k1/p1p2p1p/1p1P2p1/P7/2P3Pb/1P1N3P/4R1K1 w - - 0 26: The Stockfish process has crashed
2025-11-01 20:03:40,545 - analyzers.stockfish_analyzer - ERROR - Error analyzing position rn6/6k1/p4p1p/1p1p2p1/P7/1PP3Pb/3N3P/4R1K1 w - - 0 27: The Stockfish process has crashed
2025-11-01 20:03:40,545 - analyzers.stockfish_analyzer - ERROR - Error analyzing position rn6/6k1/5p1p/1p1p2p1/8/1PP3Pb/3N3P/4R1K1 w - - 0 28: The Stockfish process has crashed
2025-11-01 20:03:40,545 - analyzers.stockfish_analyzer - ERROR - Error analyzing position rn6/6k1/5p1p/3p2p1/2p5/1P4Pb/3N3P/4R1K1 w - - 0 29: The Stockfish process has crashed
2025-11-01 20:03:40,546 - analyzers.stockfish_analyzer - ERROR - Error analyzing position rn6/6k1/5p1p/6p1/2p5/6Pb/3N3P/4R1K1 w - - 0 30: The Stockfish process has crashed
2025-11-01 20:03:40,546 - analyzers.stockfish_analyzer - ERROR - Error analyzing position r7/6k1/2n2p1p/6p1/2N5/6Pb/7P/4R1K1 w - - 1 31: The Stockfish process has crashed
2025-11-01 20:03:40,546 - analyzers.stockfish_analyzer - ERROR - Error analyzing position r5k1/8/2n2p1p/6p1/2N5/6Pb/5K1P/4R3 w - - 3 32: The Stockfish process has crashed
2025-11-01 20:03:40,546 - analyzers.stockfish_analyzer - ERROR - Error analyzing position 5rk1/8/2n2p1p/6p1/2N5/5KPb/7P/4R3 w - - 5 33: The Stockfish process has crashed
2025-11-01 20:03:40,547 - analyzers.stockfish_analyzer - ERROR - Error analyzing position 5rk1/8/2n1bp1p/6p1/2N5/5KP1/7P/8 w - - 0 34: The Stockfish process has crashed
2025-11-01 20:03:40,548 - __main__ - INFO - Successfully analyzed 19 games
2025-11-01 20:03:40,548 - __main__ - INFO - Calculating performance metrics...
2025-11-01 20:03:40,549 - __main__ - INFO - Generating actionable insights...
2025-11-01 20:03:40,549 - insights.insights_generator - INFO - Generating actionable insights...
2025-11-01 20:03:40,550 - __main__ - INFO - Analysis completed successfully!
2025-11-01 20:03:40,568 - __main__ - INFO - Results saved to analysis_results.json
2025-11-01 20:18:59,317 - analyzers.stockfish_analyzer - INFO - Stockfish initialized with depth 12
2025-11-01 20:18:59,318 - __main__ - INFO - Chess Analyzer initialized for player: v7p3r
2025-11-01 20:18:59,318 - __main__ - INFO - Starting analysis of directory: data
2025-11-01 20:18:59,318 - __main__ - INFO - Found 10 PGN files
2025-11-01 20:18:59,318 - __main__ - INFO - Parsing Coach1200_vs_v7p3r_20251023.pgn...
2025-11-01 20:18:59,341 - __main__ - INFO - Parsing lichess_pgn_2021.01.16_HenrikofSweden_vs_v7p3r.0sYPB1Tj.pgn...
2025-11-01 20:18:59,347 - __main__ - INFO - Parsing lichess_pgn_2021.02.04_v7p3r_vs_jfft.ZVEL8xeM.pgn...
2025-11-01 20:18:59,349 - __main__ - INFO - Parsing lichess_pgn_2021.02.07_Ethan-C_vs_v7p3r.2yjfqtls.pgn...
2025-11-01 20:18:59,354 - __main__ - INFO - Parsing lichess_pgn_2025.10.21_v7p3r_vs_lichess_AI_level_3.1mofC31p.pgn...
2025-11-01 20:18:59,364 - __main__ - INFO - Parsing lichess_pgn_2025.10.29_v7p3r_vs_v7p3r_bot.SRG12jXg.pgn...
2025-11-01 20:18:59,369 - __main__ - INFO - Parsing lichess_v7p3r_2025-10-02.pgn...
2025-11-01 20:19:00,738 - __main__ - INFO - Parsing v7p3r vs Coach1200_20251021.pgn...
2025-11-01 20:19:00,746 - __main__ - INFO - Parsing v7p3r_20250530.pgn...
2025-11-01 20:19:03,739 - __main__ - INFO - Parsing v7p3r_vs_pat314_2021.01.02.pgn...
2025-11-01 20:19:03,744 - __main__ - INFO - Parsed 956 total games
2025-11-01 20:19:03,744 - __main__ - INFO - Found 954 games where v7p3r played
2025-11-01 20:19:03,745 - __main__ - INFO - Limited analysis to 100 most recent games
2025-11-01 20:19:03,745 - __main__ - INFO - Starting Stockfish analysis...
2025-11-01 20:19:03,753 - analyzers.performance_calculator - INFO - Analyzing game 1/100: This_Is_gHUApo_78 vs v7p3r
2025-11-01 20:19:04,316 - analyzers.stockfish_analyzer - ERROR - Error evaluating move g7g6: san() and lan() expect move to be legal or null, but got g7g6 in rn1qkbnr/ppp2p1p/3p2p1/4p3/2B1P1b1/2N2N2/PPPP1PPP/R1BQK2R w KQkq - 0 5
2025-11-01 20:19:04,926 - analyzers.stockfish_analyzer - ERROR - Error evaluating move g8e7: san() and lan() expect move to be legal or null, but got g8e7 in r2qk2r/ppp1npbp/2np2p1/4p3/2B1P1b1/BPN2N2/P1PP1PPP/R2Q1RK1 w kq - 5 8
2025-11-01 20:19:05,110 - analyzers.stockfish_analyzer - ERROR - Error evaluating move e8g8: san() and lan() expect move to be legal or null, but got e8g8 in r2q1rk1/ppp1npbp/2np2p1/3Np3/2B1P1b1/BP3N2/P1PP1PPP/R2Q1RK1 w - - 7 9
2025-11-01 20:19:05,664 - analyzers.stockfish_analyzer - ERROR - Error evaluating move a7a6: san() and lan() expect move to be legal or null, but got a7a6 in r4rk1/4qpbp/pp1p2p1/n1p1p3/3PP1b1/1PP2N2/PB2BPPP/R2Q1RK1 w - - 0 14
2025-11-01 20:19:06,099 - analyzers.stockfish_analyzer - ERROR - Error evaluating move b5b4: san() and lan() expect move to be legal or null, but got b5b4 in r4rk1/4qpbp/p2p2p1/n1pPp3/1p2P1b1/1PPQ1N2/PB2BPPP/R4RK1 w - - 0 16
2025-11-01 20:19:06,371 - analyzers.stockfish_analyzer - ERROR - Error evaluating move f7f5: san() and lan() expect move to be legal or null, but got f7f5 in r4rk1/4q1bp/p2p2p1/n1pPpp2/1pP1P1b1/1P1Q1N2/PB2BPPP/R4RK1 w - - 0 17
2025-11-01 20:19:06,736 - analyzers.stockfish_analyzer - ERROR - Error evaluating move e7f6: san() and lan() expect move to be legal or null, but got e7f6 in r4rk1/6bp/p2p1qp1/n1pPpb2/1pP5/PP2QN2/1B2BPPP/R4RK1 w - - 3 20
2025-11-01 20:19:06,816 - analyzers.stockfish_analyzer - ERROR - Error evaluating move c5b4: san() and lan() expect move to be legal or null, but got c5b4 in r4rk1/6bp/p2p1qp1/n2Ppb2/1pP5/1P2QN2/1B2BPPP/R4RK1 w - - 0 21
2025-11-01 20:19:06,866 - analyzers.stockfish_analyzer - ERROR - Error evaluating move f5h3: san() and lan() expect move to be legal or null, but got f5h3 in r4rk1/6bp/p2p1qp1/R2Pp3/1pP5/1P2QN1b/1B2BPPP/5RK1 w - - 1 22
2025-11-01 20:19:07,048 - analyzers.stockfish_analyzer - ERROR - Error evaluating move g6g5: san() and lan() expect move to be legal or null, but got g6g5 in r4rk1/7p/p2p1q2/R2Pp1p1/1pP4b/1P5Q/1B2BP1P/5R1K w - - 0 27
2025-11-01 20:19:07,112 - analyzers.stockfish_analyzer - ERROR - Error evaluating move a8e8: san() and lan() expect move to be legal or null, but got a8e8 in 4rrk1/7p/p2p1q2/R2Pp1pB/1pP4b/1P5Q/1B3P1P/5R1K w - - 2 28
2025-11-01 20:19:07,303 - analyzers.stockfish_analyzer - ERROR - Error evaluating move g5g4: san() and lan() expect move to be legal or null, but got g5g4 in 4Rrk1/7p/3p1q2/3Pp3/1pP3pb/1P3P1Q/1B5P/5R1K w - - 0 33
2025-11-01 20:19:07,432 - analyzers.performance_calculator - INFO - Analyzing game 2/100: TurnTheLightsOffDoug vs v7p3r
2025-11-01 20:19:08,374 - analyzers.stockfish_analyzer - ERROR - Error evaluating move e7e6: san() and lan() expect move to be legal or null, but got e7e6 in r2qkb1r/pp1n1ppp/4pn2/1B1p1bB1/3P4/2N2N2/PPP2PPP/R2QK2R w KQkq - 0 8
2025-11-01 20:19:08,548 - analyzers.stockfish_analyzer - ERROR - Error evaluating move g7g6: san() and lan() expect move to be legal or null, but got g7g6 in r2qkb1r/pp1n1p1p/4pnp1/1B1p1bB1/3P4/P1N2N2/1PP2PPP/R2QK2R w KQkq - 0 9
2025-11-01 20:19:09,061 - analyzers.stockfish_analyzer - ERROR - Error evaluating move a8b8: san() and lan() expect move to be legal or null, but got a8b8 in 1r2kbr1/1p3p1p/p3pBp1/3pNb2/3P4/P1q5/2P1QPPP/1R3RK1 w - - 2 17
2025-11-01 20:19:09,114 - analyzers.stockfish_analyzer - ERROR - Error evaluating move b7a6: san() and lan() expect move to be legal or null, but got b7a6 in 1r2kbr1/5p1p/p3pBp1/3pNb2/3P4/P1q5/2P2PPP/1R3RK1 w - - 0 18
2025-11-01 20:19:09,118 - analyzers.performance_calculator - INFO - Analyzing game 3/100: v7p3r vs Ahramiverse
2025-11-01 20:19:09,409 - analyzers.stockfish_analyzer - ERROR - Error evaluating move f1c4: san() and lan() expect move to be legal or null, but got f1c4 in rnbqkbnr/pp1ppppp/8/2p5/2B1P3/8/PPPP1PPP/RNBQK1NR b KQkq - 1 2
2025-11-01 20:19:09,801 - analyzers.stockfish_analyzer - ERROR - Error evaluating move b1c3: san() and lan() expect move to be legal or null, but got b1c3 in rnbqk1nr/pp1pppbp/6p1/2p5/2B1P3/2N2N2/PPPP1PPP/R1BQK2R b KQkq - 3 4
2025-11-01 20:19:10,034 - analyzers.stockfish_analyzer - ERROR - Error evaluating move d4d5: san() and lan() expect move to be legal or null, but got d4d5 in rnbqk1nr/p3ppbp/1p1p2p1/2pP4/2B1P3/2N2N2/PPP2PPP/R1BQK2R b KQkq - 0 6
2025-11-01 20:19:10,414 - analyzers.stockfish_analyzer - ERROR - Error evaluating move c4b5: san() and lan() expect move to be legal or null, but got c4b5 in r2qk1nr/p2nppbp/1p1p2p1/1BpP4/4P3/2N2Q1P/PPP2PP1/R1B1K2R b KQkq - 2 9
2025-11-01 20:19:10,521 - analyzers.stockfish_analyzer - ERROR - Error evaluating move c1e3: san() and lan() expect move to be legal or null, but got c1e3 in r2qk1nr/p2npp1p/1p1p2p1/1BpPb3/4P3/2N1BQ1P/PPP2PP1/R3K2R b KQkq - 4 10
2025-11-01 20:19:10,664 - analyzers.stockfish_analyzer - ERROR - Error evaluating move e1c1: san() and lan() expect move to be legal or null, but got e1c1 in r2qk2r/p2npp1p/1p1p1np1/1BpPb3/4P3/2N1BQ1P/PPP2PP1/2KR3R b kq - 6 11
2025-11-01 20:19:10,983 - analyzers.stockfish_analyzer - ERROR - Error evaluating move g4g5: san() and lan() expect move to be legal or null, but got g4g5 in r2qr1k1/p3pp1p/1p1p1npB/1BpPn1P1/4P3/2Q4P/PPP2P2/2KR3R b - - 0 15
2025-11-01 20:19:11,145 - analyzers.stockfish_analyzer - ERROR - Error evaluating move h6f8: san() and lan() expect move to be legal or null, but got h6f8 in r2q1Bk1/p3pp1p/1p1p2p1/1BpPn1P1/8/7P/PPP2Q2/2KR3R b - - 0 18
2025-11-01 20:19:11,196 - analyzers.stockfish_analyzer - ERROR - Error evaluating move b5e2: san() and lan() expect move to be legal or null, but got b5e2 in r2q1k2/p3pp1p/1p1p2p1/2pPn1P1/8/7P/PPP1BQ2/2KR3R b - - 1 19
2025-11-01 20:19:11,255 - analyzers.stockfish_analyzer - ERROR - Error evaluating move c2c3: san() and lan() expect move to be legal or null, but got c2c3 in r2q1k2/p3pp1p/1p1p2p1/3Pn1P1/2p5/2P4P/PP2BQ2/2KR3R b - - 0 20
2025-11-01 20:19:11,359 - analyzers.stockfish_analyzer - ERROR - Error evaluating move d1d4: san() and lan() expect move to be legal or null, but got d1d4 in r4k2/p3pp1p/3p2p1/qp1Pn1P1/2pR4/2P4P/PP2BQ2/2K2R2 b - - 3 22
2025-11-01 20:19:11,625 - analyzers.stockfish_analyzer - ERROR - Error evaluating move f1f4: san() and lan() expect move to be legal or null, but got f1f4 in r6k/p3pQ1p/3p2p1/1p1P2P1/2p2R2/2P4P/qP2B3/2K5 b - - 2 26
2025-11-01 20:19:11,721 - analyzers.stockfish_analyzer - ERROR - Error evaluating move f4f6: san() and lan() expect move to be legal or null, but got f4f6 in r6k/p4Q1p/3p1Rp1/1p1Pp1P1/q1p5/2P4P/1P1KB3/8 b - - 1 29
2025-11-01 20:19:12,001 - analyzers.stockfish_analyzer - ERROR - Error evaluating move f6f8: san() and lan() expect move to be legal or null, but got f6f8 in r4R1k/p3Q2p/3p2p1/1p1qp1P1/2p5/7P/4B3/4K3 b - - 1 34
2025-11-01 20:19:12,158 - analyzers.stockfish_analyzer - ERROR - Error evaluating move h3h4: san() and lan() expect move to be legal or null, but got h3h4 in 5Qqk/p6p/3p2p1/1p2p1P1/2p4P/8/4B3/4K3 b - - 0 36
2025-11-01 20:19:12,192 - analyzers.stockfish_analyzer - ERROR - Error evaluating move e1d2: san() and lan() expect move to be legal or null, but got e1d2 in 5q1k/p6p/3p2p1/4p1P1/1pp3BP/8/3K4/8 b - - 1 38
2025-11-01 20:19:12,253 - analyzers.performance_calculator - INFO - Analyzing game 4/100: Noahgroe7 vs v7p3r
2025-11-01 20:19:12,875 - analyzers.stockfish_analyzer - ERROR - Error evaluating move c6d4: san() and lan() expect move to be legal or null, but got c6d4 in r1bqkbnr/pppp1p1p/6p1/4p3/2BnP3/5Q2/PPPP1PPP/RNB1K1NR w KQkq - 2 5
2025-11-01 20:19:12,875 - analyzers.performance_calculator - INFO - Analyzing game 5/100: soberstudent vs v7p3r
2025-11-01 20:19:13,619 - analyzers.stockfish_analyzer - ERROR - Error evaluating move e8g8: san() and lan() expect move to be legal or null, but got e8g8 in r2q1rk1/ppp1bppp/2np1n2/4p3/2PPP1b1/2N2N1P/PP2BPP1/R1BQK2R w KQ - 1 8
2025-11-01 20:19:13,759 - analyzers.stockfish_analyzer - ERROR - Error evaluating move g4f6: san() and lan() expect move to be legal or null, but got g4f6 in 3r1rk1/ppp1bppp/2n2n2/4p3/2P1P3/2N5/PP1NBPP1/R1B1K2R w KQ - 2 12
2025-11-01 20:19:13,792 - analyzers.stockfish_analyzer - ERROR - Error evaluating move a7a6: san() and lan() expect move to be legal or null, but got a7a6 in 3r1rk1/1pp1bppp/p1n2n2/4p3/2P1P3/2N3P1/PP1NBP2/R1B1K2R w KQ - 0 13
2025-11-01 20:19:13,957 - analyzers.stockfish_analyzer - ERROR - Error evaluating move e7d6: san() and lan() expect move to be legal or null, but got e7d6 in 3r1rk1/1pp2ppp/p1nb1n2/8/2P1Pp2/2N2NP1/PP2B3/R1B1K2R w KQ - 2 15
2025-11-01 20:19:14,246 - analyzers.stockfish_analyzer - ERROR - Error evaluating move f7f6: san() and lan() expect move to be legal or null, but got f7f6 in 3rr1k1/1pp3pp/p4p2/4P3/2Pn1P1R/2N1K3/PP2B3/3R4 w - - 0 23
2025-11-01 20:19:14,383 - analyzers.stockfish_analyzer - ERROR - Error evaluating move b7b5: san() and lan() expect move to be legal or null, but got b7b5 in 6k1/6pp/p1p5/rp6/2P1R3/P1N1K3/1P2B3/8 w - - 0 30
2025-11-01 20:19:14,407 - analyzers.stockfish_analyzer - ERROR - Error evaluating move h7h6: san() and lan() expect move to be legal or null, but got h7h6 in 6k1/6p1/p1p4p/rp2R3/2P5/P1N1K3/1P2B3/8 w - - 0 31
2025-11-01 20:19:14,441 - analyzers.stockfish_analyzer - ERROR - Error evaluating move c6c5: san() and lan() expect move to be legal or null, but got c6c5 in 6k1/6p1/p6p/rPp1R3/8/P1N1K3/1P2B3/8 w - - 0 32
2025-11-01 20:19:14,482 - analyzers.stockfish_analyzer - ERROR - Error evaluating move a5a6: san() and lan() expect move to be legal or null, but got a5a6 in 6k1/6p1/r6p/1R6/8/P1N1K3/1P2B3/8 w - - 1 34
2025-11-01 20:19:14,483 - analyzers.performance_calculator - INFO - Analyzing game 6/100: cipher1059 vs v7p3r
2025-11-01 20:55:23,331 - analyzers.stockfish_analyzer - INFO - Stockfish initialized with depth 12
2025-11-01 20:55:23,331 - __main__ - INFO - Chess Analyzer initialized for player: v7p3r
2025-11-01 20:55:23,331 - __main__ - INFO - Starting analysis of directory: data
2025-11-01 20:55:23,332 - __main__ - INFO - Found 10 PGN files
2025-11-01 20:55:23,332 - __main__ - INFO - Parsing Coach1200_vs_v7p3r_20251023.pgn...
2025-11-01 20:55:23,341 - __main__ - INFO - Parsing lichess_pgn_2021.01.16_HenrikofSweden_vs_v7p3r.0sYPB1Tj.pgn...
2025-11-01 20:55:23,348 - __main__ - INFO - Parsing lichess_pgn_2021.02.04_v7p3r_vs_jfft.ZVEL8xeM.pgn...
2025-11-01 20:55:23,351 - __main__ - INFO - Parsing lichess_pgn_2021.02.07_Ethan-C_vs_v7p3r.2yjfqtls.pgn...
2025-11-01 20:55:23,357 - __main__ - INFO - Parsing lichess_pgn_2025.10.21_v7p3r_vs_lichess_AI_level_3.1mofC31p.pgn...
2025-11-01 20:55:23,367 - __main__ - INFO - Parsing lichess_pgn_2025.10.29_v7p3r_vs_v7p3r_bot.SRG12jXg.pgn...
2025-11-01 20:55:23,376 - __main__ - INFO - Parsing lichess_v7p3r_2025-10-02.pgn...
2025-11-01 20:55:24,794 - __main__ - INFO - Parsing v7p3r vs Coach1200_20251021.pgn...
2025-11-01 20:55:24,804 - __main__ - INFO - Parsing v7p3r_20250530.pgn...
2025-11-01 20:55:28,494 - __main__ - INFO - Parsing v7p3r_vs_pat314_2021.01.02.pgn...
2025-11-01 20:55:28,501 - __main__ - INFO - Parsed 956 total games
2025-11-01 20:55:28,501 - __main__ - INFO - Found 954 games where v7p3r played
2025-11-01 20:55:28,501 - __main__ - INFO - Limited analysis to 50 most recent games
2025-11-01 20:55:28,502 - __main__ - INFO - Starting Stockfish analysis...
2025-11-01 20:55:28,502 - analyzers.performance_calculator - INFO - Analyzing game 1/50: DrummerX09 vs v7p3r
2025-11-01 20:55:28,690 - analyzers.stockfish_analyzer - ERROR - Error evaluating move d7d5: san() and lan() expect move to be legal or null, but got d7d5 in rnbqkbnr/ppp1pppp/8/3p4/4P3/8/PPPP1PPP/RNBQKBNR w KQkq - 0 2
2025-11-01 20:55:29,824 - analyzers.stockfish_analyzer - ERROR - Error evaluating move f8b4: san() and lan() expect move to be legal or null, but got f8b4 in rn2k2r/pp3pp1/2p2p1p/q7/1b1P2b1/2N5/PPPNBPPP/R2QK2R w KQkq - 2 10
2025-11-01 20:55:30,052 - analyzers.performance_calculator - INFO - Analyzing game 2/50: v7p3r vs handsomestripeycat
2025-11-01 20:55:30,598 - analyzers.stockfish_analyzer - ERROR - Error evaluating move f1c4: san() and lan() expect move to be legal or null, but got f1c4 in rnbqkbnr/pp1p1ppp/2p1p3/8/2B1P3/2N5/PPPP1PPP/R1BQK1NR b KQkq - 1 3
2025-11-01 20:55:30,888 - analyzers.stockfish_analyzer - ERROR - Error evaluating move d2d3: san() and lan() expect move to be legal or null, but got d2d3 in rnbqk1nr/pp1p1ppp/2p1p3/8/1bB1P3/2NP4/PPP2PPP/R1BQK1NR b KQkq - 0 4
2025-11-01 20:55:31,046 - analyzers.stockfish_analyzer - ERROR - Error evaluating move a1b1: san() and lan() expect move to be legal or null, but got a1b1 in rnbqk2r/pp1p1ppp/2p1pn2/8/2B1P3/2PP4/P1P2PPP/1RBQK1NR b Kkq - 2 6
2025-11-01 20:55:31,375 - analyzers.stockfish_analyzer - ERROR - Error evaluating move h2h3: san() and lan() expect move to be legal or null, but got h2h3 in rnbq1rk1/pp3ppp/2p1pn2/3p4/4P3/1BPP3P/P1P2PP1/1RBQK1NR b K - 0 8
2025-11-01 20:55:31,487 - analyzers.stockfish_analyzer - ERROR - Error evaluating move d3e4: san() and lan() expect move to be legal or null, but got d3e4 in rnbq1rk1/pp3ppp/2p1pn2/8/4P3/1BP4P/P1P2PP1/1RBQK1NR b K - 0 9
2025-11-01 20:55:31,654 - analyzers.stockfish_analyzer - ERROR - Error evaluating move d1e2: san() and lan() expect move to be legal or null, but got d1e2 in rnb2rk1/pp3ppp/2p1p3/8/4n3/1BP4P/P1P1KPP1/1RB3NR b - - 1 11
2025-11-01 20:55:31,729 - analyzers.stockfish_analyzer - ERROR - Error evaluating move g1f3: san() and lan() expect move to be legal or null, but got g1f3 in rnb2rk1/p4ppp/1pp1p3/8/4n3/1BP2N1P/P1P1KPP1/1RB4R b - - 1 12
2025-11-01 20:55:32,018 - analyzers.stockfish_analyzer - ERROR - Error evaluating move h1d1: san() and lan() expect move to be legal or null, but got h1d1 in rn3rk1/p5pp/bpp1p3/5p2/4n3/1BP1KN1P/P1P2PP1/1RBR4 b - - 1 14
2025-11-01 20:55:32,191 - analyzers.stockfish_analyzer - ERROR - Error evaluating move d1d3: san() and lan() expect move to be legal or null, but got d1d3 in rn3rk1/p6p/bpp1p3/5pp1/4n3/1BPRKN1P/P1P2PP1/1RB5 b - - 1 15
2025-11-01 20:55:33,000 - analyzers.stockfish_analyzer - ERROR - Error evaluating move e6f5: san() and lan() expect move to be legal or null, but got e6f5 in rn6/p5kp/bp6/2p2BN1/5p2/2n4P/P1P2PP1/R3K3 b - - 2 24
2025-11-01 20:55:33,217 - analyzers.stockfish_analyzer - ERROR - Error evaluating move c7a8: san() and lan() expect move to be legal or null, but got c7a8 in Nn6/p7/bp5p/2p2k2/5p2/2n4P/P1P2PP1/R3K3 b - - 0 27
2025-11-01 20:55:33,389 - analyzers.stockfish_analyzer - ERROR - Error evaluating move e1d2: san() and lan() expect move to be legal or null, but got e1d2 in 1n6/p1N5/1p5p/2p2k2/P4p2/2n4b/2PK1P2/R7 b - - 1 30
2025-11-01 20:55:33,506 - analyzers.stockfish_analyzer - ERROR - Error evaluating move a1h1: san() and lan() expect move to be legal or null, but got a1h1 in 1n6/p1N5/1p5p/2p2k2/P3np2/7b/2P1K3/7R b - - 3 33
2025-11-01 20:55:33,664 - analyzers.performance_calculator - INFO - Analyzing game 3/50: v7p3r vs dedavy
2025-11-01 20:55:34,132 - analyzers.stockfish_analyzer - WARNING - Stockfish process not alive, reinitializing...
2025-11-01 20:55:34,327 - analyzers.stockfish_analyzer - INFO - Found Stockfish at: S:\Maker Stuff\Programming\Chess Engines\Chess Engine Playground\engine-tester\engines\Stockfish\stockfish-windows-x86-64-avx2.exe
2025-11-01 20:55:34,328 - analyzers.stockfish_analyzer - INFO - Stockfish reinitialized successfully
2025-11-01 20:55:34,697 - analyzers.stockfish_analyzer - ERROR - Error evaluating move f2f4: san() and lan() expect move to be legal or null, but got f2f4 in r1bqk2r/pppp1ppp/2n2n2/4p3/1bB1PP2/2NP4/PPP3PP/R1BQK1NR b KQkq - 0 5
2025-11-01 20:55:35,140 - analyzers.stockfish_analyzer - ERROR - Error evaluating move f4f5: san() and lan() expect move to be legal or null, but got f4f5 in r1bq1rk1/ppp2ppp/2np1n2/4pP2/2B1P3/2PP1N2/P1P3PP/R1BQK2R b KQ - 0 8
2025-11-01 20:55:35,519 - analyzers.stockfish_analyzer - ERROR - Error evaluating move a1b1: san() and lan() expect move to be legal or null, but got a1b1 in r1bq1rk1/pp3ppp/3p1n2/n1p1pP2/4P3/1BPP1N2/P1P3PP/1RBQK2R b K - 1 10
2025-11-01 20:55:36,148 - analyzers.stockfish_analyzer - ERROR - Error evaluating move c3c4: san() and lan() expect move to be legal or null, but got c3c4 in 1rbq1rk1/5ppp/p2p1n2/np2pPB1/2P1P3/PP1P1N2/6PP/1R1Q1RK1 b - - 0 15
2025-11-01 20:55:36,242 - analyzers.stockfish_analyzer - ERROR - Error evaluating move c4b5: san() and lan() expect move to be legal or null, but got c4b5 in 1r1q1rk1/3b1ppp/p2p1n2/nP2pPB1/4P3/PP1P1N2/6PP/1R1Q1RK1 b - - 0 16
2025-11-01 20:55:36,388 - analyzers.stockfish_analyzer - ERROR - Error evaluating move a3a4: san() and lan() expect move to be legal or null, but got a3a4 in 1r1q1rk1/3b1ppp/3p1n2/np2pPB1/P3P3/1P1P1N2/6PP/1R1Q1RK1 b - - 0 17
2025-11-01 20:55:36,512 - analyzers.stockfish_analyzer - ERROR - Error evaluating move d1e2: [Errno 22] Invalid argument
2025-11-01 20:55:36,513 - analyzers.stockfish_analyzer - WARNING - Stockfish process not alive, reinitializing...
2025-11-01 20:55:36,710 - analyzers.stockfish_analyzer - ERROR - Failed to reinitialize Stockfish: Stockfish not found. Please install Stockfish or provide path.
2025-11-01 20:55:36,711 - analyzers.stockfish_analyzer - ERROR - Error analyzing position 5rk1/3b1ppp/1qnp1n2/1r2pPB1/4P3/1P1P1N2/4Q1PP/1R3RK1 w - - 2 20: Stockfish not found. Please install Stockfish or provide path.
2025-11-01 20:55:36,711 - analyzers.stockfish_analyzer - WARNING - Stockfish process not alive, reinitializing...
2025-11-01 20:55:36,910 - analyzers.stockfish_analyzer - INFO - Found Stockfish at: S:\Maker Stuff\Programming\Chess Engines\Chess Engine Playground\engine-tester\engines\Stockfish\stockfish-windows-x86-64-avx2.exe
2025-11-01 20:55:36,912 - analyzers.stockfish_analyzer - INFO - Stockfish reinitialized successfully
2025-11-01 20:55:36,980 - analyzers.stockfish_analyzer - ERROR - Error evaluating move b3b4: san() and lan() expect move to be legal or null, but got b3b4 in 5rk1/3b1ppp/1q1p1n2/1r3PB1/1P1pP3/8/4Q1PP/1R3RK1 b - - 0 22
2025-11-01 20:55:37,043 - analyzers.stockfish_analyzer - ERROR - Error evaluating move b1f1: san() and lan() expect move to be legal or null, but got b1f1 in 5rk1/3b1ppp/3p4/1r3PB1/1P2n3/3p4/5RPP/5RK1 b - - 1 25
2025-11-01 20:55:37,085 - analyzers.stockfish_analyzer - ERROR - Error evaluating move f5f6: san() and lan() expect move to be legal or null, but got f5f6 in 5rk1/3b1ppp/3p1P2/6B1/1r6/3p4/5RPP/6K1 b - - 0 27
2025-11-01 20:55:37,178 - analyzers.stockfish_analyzer - ERROR - Error evaluating move g2g3: san() and lan() expect move to be legal or null, but got g2g3 in 6k1/3b1p1p/3p1B2/8/1r5P/3p2P1/5R1K/1r6 b - - 0 31
2025-11-01 20:55:37,239 - analyzers.stockfish_analyzer - ERROR - Error evaluating move f2g2: san() and lan() expect move to be legal or null, but got f2g2 in 6k1/3b1p1p/3p1B2/8/1r5P/3p2P1/1r4RK/8 b - - 2 32
2025-11-01 20:55:37,419 - analyzers.stockfish_analyzer - ERROR - Error evaluating move f4f5: san() and lan() expect move to be legal or null, but got f4f5 in 6k1/5p1p/2b5/5KP1/3p3P/8/3r4/8 b - - 1 40
2025-11-01 20:55:37,522 - analyzers.stockfish_analyzer - ERROR - Error evaluating move f4e3: san() and lan() expect move to be legal or null, but got f4e3 in 6k1/5p1p/8/6P1/7P/3pK3/7r/3b4 b - - 5 44
2025-11-01 20:55:37,583 - analyzers.performance_calculator - INFO - Analyzing game 4/50: v7p3r vs Salahdetp
2025-11-01 22:01:09,095 - analyzers.stockfish_analyzer - INFO - Stockfish initialized with depth 12
2025-11-01 22:01:09,095 - __main__ - INFO - Chess Analyzer initialized for player: v7p3r
2025-11-01 22:01:09,096 - __main__ - INFO - Starting analysis of directory: data
2025-11-01 22:01:09,096 - __main__ - INFO - Found 10 PGN files
2025-11-01 22:01:09,096 - __main__ - INFO - Parsing Coach1200_vs_v7p3r_20251023.pgn...
2025-11-01 22:01:09,106 - __main__ - INFO - Parsing lichess_pgn_2021.01.16_HenrikofSweden_vs_v7p3r.0sYPB1Tj.pgn...
2025-11-01 22:01:09,113 - __main__ - INFO - Parsing lichess_pgn_2021.02.04_v7p3r_vs_jfft.ZVEL8xeM.pgn...
2025-11-01 22:01:09,116 - __main__ - INFO - Parsing lichess_pgn_2021.02.07_Ethan-C_vs_v7p3r.2yjfqtls.pgn...
2025-11-01 22:01:09,121 - __main__ - INFO - Parsing lichess_pgn_2025.10.21_v7p3r_vs_lichess_AI_level_3.1mofC31p.pgn...
2025-11-01 22:01:09,131 - __main__ - INFO - Parsing lichess_pgn_2025.10.29_v7p3r_vs_v7p3r_bot.SRG12jXg.pgn...
2025-11-01 22:01:09,138 - __main__ - INFO - Parsing lichess_v7p3r_2025-10-02.pgn...
2025-11-01 22:01:10,683 - __main__ - INFO - Parsing v7p3r vs Coach1200_20251021.pgn...
2025-11-01 22:01:10,693 - __main__ - INFO - Parsing v7p3r_20250530.pgn...
2025-11-01 22:01:14,418 - __main__ - INFO - Parsing v7p3r_vs_pat314_2021.01.02.pgn...
2025-11-01 22:01:14,425 - __main__ - INFO - Parsed 956 total games
2025-11-01 22:01:14,425 - __main__ - INFO - Found 954 games where v7p3r played
2025-11-01 22:01:14,426 - __main__ - INFO - Limited analysis to 10 most recent games
2025-11-01 22:01:14,426 - __main__ - INFO - Starting Stockfish analysis...
2025-11-01 22:01:14,426 - analyzers.performance_calculator - INFO - Analyzing game 1/10: GhostsofWar vs v7p3r
2025-11-01 22:01:14,618 - analyzers.stockfish_analyzer - ERROR - Error evaluating move d7d5: san() and lan() expect move to be legal or null, but got d7d5 in rnbqkbnr/ppp1pppp/8/3p4/4P3/8/PPPP1PPP/RNBQKBNR w KQkq - 0 2
2025-11-01 22:01:16,063 - analyzers.stockfish_analyzer - ERROR - Error evaluating move e7e5: san() and lan() expect move to be legal or null, but got e7e5 in r3kbnr/pppb1ppp/2n5/1B2p3/4P3/5P2/PPP1N1PP/RNBK3R w kq - 0 8
2025-11-01 22:01:16,289 - analyzers.stockfish_analyzer - ERROR - Error evaluating move f7f6: san() and lan() expect move to be legal or null, but got f7f6 in r3kbnr/pppb2pp/2n2p2/1B2p1B1/4P3/5P2/PPP1N1PP/RN1K3R w kq - 0 9
2025-11-01 22:01:16,661 - analyzers.stockfish_analyzer - ERROR - Error evaluating move f8h6: san() and lan() expect move to be legal or null, but got f8h6 in 2kr2nr/pppb3p/2n2ppb/1B2p3/4P3/4BPN1/PPP1K1PP/RN5R w - - 2 12
2025-11-01 22:01:16,784 - analyzers.stockfish_analyzer - ERROR - Error evaluating move g8e7: san() and lan() expect move to be legal or null, but got g8e7 in 2kr3r/pppbn2p/5ppb/1B2p3/4PP2/6P1/PP3K1P/nN1R1N2 w - - 1 19
2025-11-01 22:01:16,831 - analyzers.stockfish_analyzer - ERROR - Error evaluating move f8f6: san() and lan() expect move to be legal or null, but got f8f6 in 2kr4/pppbn2p/5rpb/4p3/2B1P3/6P1/PP4KP/nN1R1N2 w - - 4 22
2025-11-01 22:01:16,850 - analyzers.stockfish_analyzer - ERROR - Error evaluating move g6g5: san() and lan() expect move to be legal or null, but got g6g5 in 2kr4/pppbn2p/5r1b/4p1p1/2B1P3/4N1P1/PP4KP/nN1R4 w - - 0 23
2025-11-01 22:01:16,867 - analyzers.stockfish_analyzer - ERROR - Error evaluating move h6g7: san() and lan() expect move to be legal or null, but got h6g7 in 2kr4/pppbn1bp/5r2/4p1p1/2B1P1N1/6P1/PP4KP/nN1R4 w - - 2 24
2025-11-01 22:01:16,930 - analyzers.stockfish_analyzer - ERROR - Error evaluating move d7c6: san() and lan() expect move to be legal or null, but got d7c6 in 2k2r2/ppp1n2p/2b2b2/4p1p1/2B1P3/2N3P1/PP4KP/n4R2 w - - 4 27
2025-11-01 22:01:16,959 - analyzers.stockfish_analyzer - ERROR - Error evaluating move g5g4: san() and lan() expect move to be legal or null, but got g5g4 in 2k2r2/ppp1n2p/2b2b2/4p3/2B1P1p1/2N3P1/PP4KP/R7 w - - 0 28
2025-11-01 22:01:17,001 - analyzers.stockfish_analyzer - ERROR - Error evaluating move f8d8: san() and lan() expect move to be legal or null, but got f8d8 in 2kr4/ppp1n2p/2b2b2/4p3/1PB1P1p1/2N3P1/P5KP/R7 w - - 1 29
2025-11-01 22:01:17,210 - analyzers.stockfish_analyzer - ERROR - Error evaluating move d4c4: san() and lan() expect move to be legal or null, but got d4c4 in 1k6/ppp1n2p/2b1Bb2/4p3/PPr1P1p1/2N3P1/6KP/5R2 w - - 5 32
2025-11-01 22:01:17,369 - analyzers.stockfish_analyzer - ERROR - Error evaluating move c4b4: san() and lan() expect move to be legal or null, but got c4b4 in 1k6/ppp1n2p/4Bb2/3Pp3/Pr4p1/6P1/6KP/5R2 w - - 0 34
2025-11-01 22:01:17,682 - analyzers.stockfish_analyzer - ERROR - Error evaluating move h7h5: san() and lan() expect move to be legal or null, but got h7h5 in 1k6/ppp1n3/4BR2/3Pp2p/P5p1/6P1/1r5P/5K2 w - - 0 36
2025-11-01 22:01:17,773 - analyzers.stockfish_analyzer - ERROR - Error evaluating move b7b6: san() and lan() expect move to be legal or null, but got b7b6 in 1kB2R2/2p5/pp6/P2Pp2p/6p1/6P1/1r5P/5K2 w - - 0 39
2025-11-01 22:01:18,413 - analyzers.performance_calculator - INFO - Analyzing game 2/10: v7p3r vs amaamame
2025-11-01 22:01:18,914 - analyzers.stockfish_analyzer - ERROR - Error evaluating move f1c4: san() and lan() expect move to be legal or null, but got f1c4 in rnbqkbnr/pp1p1ppp/2p1p3/8/2B1P3/2N5/PPPP1PPP/R1BQK1NR b KQkq - 1 3
2025-11-01 22:01:19,372 - analyzers.stockfish_analyzer - ERROR - Error evaluating move e4e5: san() and lan() expect move to be legal or null, but got e4e5 in rnbqkbnr/5ppp/p1p1p3/1p1pP3/8/1BNP4/PPP2PPP/R1BQK1NR b KQkq - 0 6
2025-11-01 22:01:19,802 - analyzers.stockfish_analyzer - ERROR - Error evaluating move e5f6: san() and lan() expect move to be legal or null, but got e5f6 in rnbqkbnr/6pp/p1p1pP2/1p1p4/8/1BNP4/PPP2PPP/R1BQK1NR b KQkq - 0 7
2025-11-01 22:01:20,181 - analyzers.stockfish_analyzer - ERROR - Error evaluating move c1h6: san() and lan() expect move to be legal or null, but got c1h6 in rnbq1bnr/3k3p/p1p1pp1B/1p1p3Q/8/1BNP4/PPP2PPP/R3K1NR b KQ - 3 9
2025-11-01 22:01:20,223 - analyzers.stockfish_analyzer - ERROR - Error evaluating move d3d4: san() and lan() expect move to be legal or null, but got d3d4 in rnbq1b1r/3k3p/p1p1pp1n/1p1p3Q/3P4/1BN5/PPP2PPP/R3K1NR b KQ - 0 10
2025-11-01 22:01:20,268 - analyzers.stockfish_analyzer - ERROR - Error evaluating move g2g3: san() and lan() expect move to be legal or null, but got g2g3 in rnbq1br1/3k3p/p1p1pp1n/1p1p3Q/3P4/1BN3P1/PPP2P1P/R3K1NR b KQ - 0 11
2025-11-01 22:01:20,513 - analyzers.stockfish_analyzer - ERROR - Error evaluating move e1c1: san() and lan() expect move to be legal or null, but got e1c1 in rnb2b2/3kq1rp/p1p1pp1Q/1p1p4/3P4/1BN3P1/PPP2P1P/2KR2NR b - - 2 13
2025-11-01 22:01:20,686 - analyzers.stockfish_analyzer - ERROR - Error evaluating move h6h3: san() and lan() expect move to be legal or null, but got h6h3 in rnbk1b2/4q1rp/p1p1pp2/1p1p4/3P4/1BN3PQ/PPP2P1P/2KR2NR b - - 4 14
2025-11-01 22:01:20,965 - analyzers.stockfish_analyzer - ERROR - Error evaluating move g1f3: san() and lan() expect move to be legal or null, but got g1f3 in rnbk1b2/6rp/p1p1qp2/1p1pp3/3P4/1BN2NP1/PPP2PQP/2KR3R b - - 3 16
2025-11-01 22:01:21,674 - analyzers.stockfish_analyzer - ERROR - Error evaluating move f3f4: san() and lan() expect move to be legal or null, but got f3f4 in rnbk4/4r2p/p1p2p1b/1p1p2q1/3PpP2/1BN3P1/PPP3QP/1K1RR1N1 b - - 0 21
2025-11-01 22:01:22,437 - analyzers.stockfish_analyzer - ERROR - Error evaluating move e1f1: san() and lan() expect move to be legal or null, but got e1f1 in r1bk4/3nr2p/p1p2pqb/1p1p4/3PpPP1/1BN4P/PPP3Q1/1K1R1RN1 b - - 2 24
2025-11-01 22:01:23,344 - analyzers.stockfish_analyzer - ERROR - Error evaluating move g1f3: san() and lan() expect move to be legal or null, but got g1f3 in r1bk4/4r1qp/pnp2p1b/1p1p1P2/3P2PP/1BN1pNQ1/PPP5/1K1R1R2 b - - 2 28
2025-11-01 22:01:24,066 - analyzers.stockfish_analyzer - ERROR - Error evaluating move f1e1: san() and lan() expect move to be legal or null, but got f1e1 in r1b3Q1/2k1q2p/pnp5/1p1p1P2/3P4/1B3N2/PPP1r3/1K1RR3 b - - 4 34
2025-11-01 22:01:24,187 - analyzers.stockfish_analyzer - ERROR - Error evaluating move f3e5: san() and lan() expect move to be legal or null, but got f3e5 in r5Q1/2k1q2p/pnp5/1p1pNb2/3P4/1B6/PPP1r3/1K1RR3 b - - 1 35
2025-11-01 22:01:24,246 - analyzers.stockfish_analyzer - ERROR - Error evaluating move e2e1: san() and lan() expect move to be legal or null, but got e2e1 in 6r1/2knq2p/p1p5/1p1pNb2/3P4/1B6/PPP5/1K1RR3 b - - 2 37
2025-11-01 22:01:24,812 - analyzers.stockfish_analyzer - ERROR - Error evaluating move e1e6: san() and lan() expect move to be legal or null, but got e1e6 in 8/4R2p/p1pkR3/1p1p4/3q2b1/1B6/PPP5/1K6 b - - 3 43
2025-11-01 22:01:24,885 - analyzers.stockfish_analyzer - ERROR - Error evaluating move e7c7: san() and lan() expect move to be legal or null, but got e7c7 in 8/2R4p/p1p1R3/1pkp4/3q2b1/1B6/PPP5/1K6 b - - 5 44
2025-11-01 22:01:24,885 - analyzers.performance_calculator - INFO - Analyzing game 3/10: Mateo-BOT vs v7p3r
2025-11-01 22:01:25,763 - analyzers.stockfish_analyzer - ERROR - Error evaluating move c6d4: san() and lan() expect move to be legal or null, but got c6d4 in r1bk1bnr/pp2pppp/8/2P3B1/2pnP3/8/PP3PPP/RN2KBNR w KQ - 3 7
2025-11-01 22:01:26,269 - analyzers.stockfish_analyzer - ERROR - Error evaluating move a1c2: san() and lan() expect move to be legal or null, but got a1c2 in r1bk1b1r/pp2pppp/8/2n1P1B1/2pN4/2N1K3/PPn2PPP/5B1R w - - 2 13
2025-11-01 22:01:26,380 - analyzers.stockfish_analyzer - ERROR - Error evaluating move g7g6: san() and lan() expect move to be legal or null, but got g7g6 in r1bk1b1r/pp2pp1p/6p1/2n1P1B1/2p5/2N1K3/PPN2PPP/5B1R w - - 0 14
2025-11-01 22:01:26,790 - analyzers.stockfish_analyzer - ERROR - Error evaluating move a8b8: san() and lan() expect move to be legal or null, but got a8b8 in 1r1k1b1r/pp1npp1p/4b1p1/3BP1B1/1P6/2N1K3/P1N2PPP/7R w - - 3 17
2025-11-01 22:01:27,392 - analyzers.stockfish_analyzer - ERROR - Error evaluating move f8g7: san() and lan() expect move to be legal or null, but got f8g7 in 1r2k2r/pp2p1bp/4N1p1/4n1B1/1P2K3/2N5/P4PPP/7R w - - 3 21
2025-11-01 22:01:27,631 - analyzers.stockfish_analyzer - ERROR - Error evaluating move e5d3: san() and lan() expect move to be legal or null, but got e5d3 in 1r5r/pp2pkNp/6p1/8/1P2K3/2Nn4/P4PPP/2B4R w - - 3 23
2025-11-01 22:01:27,785 - analyzers.stockfish_analyzer - ERROR - Error evaluating move b8d8: san() and lan() expect move to be legal or null, but got b8d8 in 3r3r/pp2p1kp/6p1/8/1P6/2NK1P2/P5PP/2B4R w - - 1 25
2025-11-01 22:01:27,841 - analyzers.stockfish_analyzer - ERROR - Error evaluating move e7e5: san() and lan() expect move to be legal or null, but got e7e5 in 3r3r/pp4kp/6p1/4p3/1P6/2N1KP2/P5PP/2B4R w - - 0 26
2025-11-01 22:01:28,003 - analyzers.stockfish_analyzer - ERROR - Error evaluating move d8e8: san() and lan() expect move to be legal or null, but got d8e8 in 4r2r/pp4kp/6p1/4p3/1P3P2/2N1K3/P5PP/2B4R w - - 1 27
2025-11-01 22:01:28,351 - analyzers.stockfish_analyzer - ERROR - Error evaluating move g6g5: san() and lan() expect move to be legal or null, but got g6g5 in 4r2r/pp4kp/8/6p1/1P3p2/5K2/P5PP/1NB4R w - - 0 29
2025-11-01 22:01:28,624 - analyzers.stockfish_analyzer - ERROR - Error evaluating move h7h6: san() and lan() expect move to be legal or null, but got h7h6 in 7r/pp6/6kp/6p1/1P3p2/5KP1/P6P/1N5R w - - 0 32
2025-11-01 22:01:28,994 - analyzers.stockfish_analyzer - ERROR - Error evaluating move f8d8: san() and lan() expect move to be legal or null, but got f8d8 in 3r4/3N4/p6p/1p3kp1/1P3p2/5KP1/P6P/3R4 w - - 4 37
2025-11-01 22:01:29,613 - analyzers.stockfish_analyzer - ERROR - Error evaluating move h1f1: san() and lan() expect move to be legal or null, but got h1f1 in 8/8/N7/8/1Pk5/6K1/8/q4q2 w - - 2 56
2025-11-01 22:01:29,623 - analyzers.stockfish_analyzer - ERROR - Error evaluating move a1g7: san() and lan() expect move to be legal or null, but got a1g7 in 8/6q1/N7/8/1Pk4K/8/8/5q2 w - - 4 57
2025-11-01 22:01:29,628 - analyzers.performance_calculator - INFO - Analyzing game 4/10: v7p3r vs Wendy-BOT
2025-11-01 22:01:31,246 - analyzers.stockfish_analyzer - ERROR - Error evaluating move e5f6: san() and lan() expect move to be legal or null, but got e5f6 in r2qkb1r/2p3pp/p4P2/3p4/2p5/5N1P/PPP2P1P/R1BQK2R b KQkq - 0 13
2025-11-01 22:01:31,361 - analyzers.stockfish_analyzer - ERROR - Error evaluating move c1f4: san() and lan() expect move to be legal or null, but got c1f4 in r2qk2r/2p1b2p/p4p2/3p4/2p2B2/5N1P/PPP1QP1P/R3K2R b KQkq - 3 15
2025-11-01 22:01:31,409 - analyzers.stockfish_analyzer - ERROR - Error evaluating move e1c1: san() and lan() expect move to be legal or null, but got e1c1 in rq2k2r/2p1b2p/p4p2/3p4/2p2B2/5N1P/PPP1QP1P/2KR3R b kq - 5 16
2025-11-01 22:01:31,624 - analyzers.stockfish_analyzer - ERROR - Error evaluating move d7e7: san() and lan() expect move to be legal or null, but got d7e7 in 2r2k1r/4R3/p1p2p1p/3p4/2p2B2/5N1P/PPP1QP1P/2K1R3 b - - 1 22
2025-11-01 22:01:31,648 - analyzers.stockfish_analyzer - ERROR - Error evaluating move e7e8: san() and lan() expect move to be legal or null, but got e7e8 in 3rRk1r/8/p1pB1p1p/3p4/2p5/5N1P/PPP1QP1P/2K1R3 b - - 5 24
2025-11-01 22:01:31,676 - analyzers.stockfish_analyzer - ERROR - Error evaluating move e8h8: san() and lan() expect move to be legal or null, but got e8h8 in 3r3R/4Q3/p1pB1p1p/3p3k/2p5/5N1P/PPP2P1P/2K3R1 b - - 0 27
2025-11-01 22:01:31,688 - analyzers.performance_calculator - INFO - Analyzing game 5/10: v7p3r vs joeystacks23
2025-11-01 22:01:32,940 - analyzers.stockfish_analyzer - ERROR - Error evaluating move d1e2: san() and lan() expect move to be legal or null, but got d1e2 in r1bqk2r/ppp2pp1/2np1n1p/2b1p3/2B1P3/P1NP1N2/1PP1QPPP/R1B1K2R b KQkq - 1 7
2025-11-01 22:01:33,135 - analyzers.stockfish_analyzer - ERROR - Error evaluating move c1h6: san() and lan() expect move to be legal or null, but got c1h6 in r1bq1rk1/ppp2pp1/2np1n1B/2b1p3/2B1P3/P1NP1N2/1PP1QPPP/R3K2R b KQ - 0 8
2025-11-01 22:01:33,196 - analyzers.stockfish_analyzer - ERROR - Error evaluating move f3h4: san() and lan() expect move to be legal or null, but got f3h4 in r1bq1rk1/ppp2p2/2np1n1p/2b1p3/2B1P2N/P1NP4/1PP1QPPP/R3K2R b KQ - 1 9
2025-11-01 22:01:33,286 - analyzers.stockfish_analyzer - ERROR - Error evaluating move e2g4: san() and lan() expect move to be legal or null, but got e2g4 in r1b2rk1/ppp2p2/2np3p/2b1p3/2B1P1Qq/P1NP3P/1PP2PP1/R3K2R b KQ - 0 11
2025-11-01 22:01:33,329 - analyzers.stockfish_analyzer - ERROR - Error evaluating move c3e2: san() and lan() expect move to be legal or null, but got c3e2 in r4rk1/ppp2p2/2np3p/2b1p2q/2B1P1b1/P2P2PP/1PP1NP2/R3K2R b KQ - 2 13
2025-11-01 22:01:33,392 - analyzers.stockfish_analyzer - ERROR - Error evaluating move h3h4: san() and lan() expect move to be legal or null, but got h3h4 in r4rk1/ppp2p2/2np3p/2b1p2q/2BPb2P/P5P1/1PP2P2/R3K1R1 b Q - 0 16
2025-11-01 22:01:33,434 - analyzers.stockfish_analyzer - ERROR - Error evaluating move f2f4: san() and lan() expect move to be legal or null, but got f2f4 in r4rk1/ppp2p2/2np3p/4pq2/3bbP1P/P5P1/1PP1B3/R3K1R1 b Q - 0 18
2025-11-01 22:01:33,462 - analyzers.stockfish_analyzer - ERROR - Error evaluating move a1b1: san() and lan() expect move to be legal or null, but got a1b1 in r4rk1/ppp2p2/2np3p/4pq2/4bP1P/P5P1/1bP1B3/1R2K1R1 b - - 1 19
2025-11-01 22:01:33,514 - analyzers.stockfish_analyzer - ERROR - Error evaluating move b1b7: san() and lan() expect move to be legal or null, but got b1b7 in r4rk1/pRp2p2/3p3p/4pq2/3n1P1P/P1b3P1/2b1B3/2K3R1 b - - 0 22
2025-11-01 22:01:33,524 - analyzers.stockfish_analyzer - ERROR - Error evaluating move b7c7: san() and lan() expect move to be legal or null, but got b7c7 in 1r3rk1/p1R2p2/3p3p/4pq2/3n1P1P/P1b3P1/2b1B3/2K3R1 b - - 0 23
2025-11-01 22:01:33,524 - analyzers.performance_calculator - INFO - Analyzing game 6/10: birds2000 vs v7p3r
2025-11-01 22:01:34,361 - analyzers.stockfish_analyzer - ERROR - Error evaluating move f8c5: san() and lan() expect move to be legal or null, but got f8c5 in r1bqk1nr/pp1n1ppp/2p1p3/2bp4/6P1/5N1P/PPPPPPB1/RNBQ1RK1 w kq - 2 6
2025-11-01 22:01:34,560 - analyzers.stockfish_analyzer - ERROR - Error evaluating move b7b5: san() and lan() expect move to be legal or null, but got b7b5 in r1bqk1nr/p4ppp/2p1p3/1pbpn3/6P1/4P2P/PPPP1PB1/RNBQ1RK1 w kq - 0 8
2025-11-01 22:01:34,614 - analyzers.stockfish_analyzer - ERROR - Error evaluating move a7a6: san() and lan() expect move to be legal or null, but got a7a6 in r1bqk1nr/5ppp/p1p1p3/1pbpn3/6P1/2N1P2P/PPPP1PB1/R1BQ1RK1 w kq - 0 9
2025-11-01 22:01:34,671 - analyzers.stockfish_analyzer - ERROR - Error evaluating move d5d4: san() and lan() expect move to be legal or null, but got d5d4 in r1bqk1nr/5ppp/p1p1p3/1pb1n3/1P1p2P1/2N1P2P/P1PP1PB1/R1BQ1RK1 w kq - 0 10
2025-11-01 22:01:34,870 - analyzers.performance_calculator - INFO - Analyzing game 7/10: v7p3r vs Chessman01345
2025-11-01 22:01:35,774 - analyzers.stockfish_analyzer - ERROR - Error evaluating move h2h3: san() and lan() expect move to be legal or null, but got h2h3 in r2qkbnr/ppp2ppp/2n5/4p3/3pP1b1/3P1N1P/PPP1NPP1/R1BQKB1R b KQkq - 0 6
2025-11-01 22:01:36,668 - analyzers.stockfish_analyzer - ERROR - Error evaluating move f4h6: san() and lan() expect move to be legal or null, but got f4h6 in r2q1rk1/ppp2ppp/2nb1n1B/8/3pP3/3P3P/PPPQNP2/R3KB1R b KQ - 4 11
2025-11-01 22:01:37,291 - analyzers.stockfish_analyzer - ERROR - Error evaluating move e2f4: san() and lan() expect move to be legal or null, but got e2f4 in r2q1rk1/ppp2ppp/2n4B/b6n/4PN2/2PP3P/P2Q1P2/R3KBR1 b Q - 4 15
2025-11-01 22:01:37,902 - analyzers.stockfish_analyzer - ERROR - Error evaluating move d2h6: san() and lan() expect move to be legal or null, but got d2h6 in r2q1r1k/ppp2p1p/2n4Q/b6N/4P3/2PP3P/P4P2/R3KBR1 b Q - 0 17
2025-11-01 22:01:38,135 - analyzers.stockfish_analyzer - ERROR - Error evaluating move h6g7: san() and lan() expect move to be legal or null, but got h6g7 in r2q1r1k/ppp2pQp/2n5/7N/4P3/3P3P/P3KP2/b4BR1 b - - 1 19
2025-11-01 22:01:38,255 - analyzers.stockfish_analyzer - ERROR - Error evaluating move a2a3: san() and lan() expect move to be legal or null, but got a2a3 in r2q2rk/ppp2R1p/8/7N/1n2P3/P2P3P/3K1P2/5B2 b - - 0 24
2025-11-01 22:01:38,300 - analyzers.stockfish_analyzer - ERROR - Error evaluating move c3b4: san() and lan() expect move to be legal or null, but got c3b4 in r5rk/ppp2R1p/8/7q/1K2P3/P2P3P/5P2/5B2 b - - 0 26
2025-11-01 22:01:38,301 - analyzers.performance_calculator - INFO - Analyzing game 8/10: 13GabrielMx vs v7p3r
2025-11-01 22:01:39,171 - analyzers.stockfish_analyzer - ERROR - Error evaluating move f7f6: san() and lan() expect move to be legal or null, but got f7f6 in rn1qkbnr/pp4pp/2p1pp2/3pPbB1/3P4/5N2/PPP2PPP/RN1QKB1R w KQkq - 0 6
2025-11-01 22:47:59,192 - analyzers.stockfish_analyzer - INFO - Stockfish initialized with depth 12
2025-11-01 22:47:59,192 - __main__ - INFO - Chess Analyzer initialized for player: v7p3r
2025-11-01 22:47:59,192 - __main__ - INFO - Starting analysis of directory: data
2025-11-01 22:47:59,193 - __main__ - INFO - Found 10 PGN files
2025-11-01 22:47:59,193 - __main__ - INFO - Parsing Coach1200_vs_v7p3r_20251023.pgn...
2025-11-01 22:47:59,202 - __main__ - INFO - Parsing lichess_pgn_2021.01.16_HenrikofSweden_vs_v7p3r.0sYPB1Tj.pgn...
2025-11-01 22:47:59,207 - __main__ - INFO - Parsing lichess_pgn_2021.02.04_v7p3r_vs_jfft.ZVEL8xeM.pgn...
2025-11-01 22:47:59,210 - __main__ - INFO - Parsing lichess_pgn_2021.02.07_Ethan-C_vs_v7p3r.2yjfqtls.pgn...
2025-11-01 22:47:59,217 - __main__ - INFO - Parsing lichess_pgn_2025.10.21_v7p3r_vs_lichess_AI_level_3.1mofC31p.pgn...
2025-11-01 22:47:59,228 - __main__ - INFO - Parsing lichess_pgn_2025.10.29_v7p3r_vs_v7p3r_bot.SRG12jXg.pgn...
2025-11-01 22:47:59,236 - __main__ - INFO - Parsing lichess_v7p3r_2025-10-02.pgn...
2025-11-01 22:48:00,805 - __main__ - INFO - Parsing v7p3r vs Coach1200_20251021.pgn...
2025-11-01 22:48:00,814 - __main__ - INFO - Parsing v7p3r_20250530.pgn...
2025-11-01 22:48:04,481 - __main__ - INFO - Parsing v7p3r_vs_pat314_2021.01.02.pgn...
2025-11-01 22:48:04,487 - __main__ - INFO - Parsed 956 total games
2025-11-01 22:48:04,487 - __main__ - INFO - Found 954 games where v7p3r played
2025-11-01 22:48:04,488 - __main__ - INFO - Limited analysis to 5 most recent games
2025-11-01 22:48:04,488 - __main__ - INFO - Starting Stockfish analysis...
2025-11-01 22:48:04,488 - analyzers.performance_calculator - INFO - Analyzing game 1/5: birds2000 vs v7p3r
2025-11-01 22:48:05,352 - analyzers.stockfish_analyzer - ERROR - Error evaluating move f8c5: san() and lan() expect move to be legal or null, but got f8c5 in r1bqk1nr/pp1n1ppp/2p1p3/2bp4/6P1/5N1P/PPPPPPB1/RNBQ1RK1 w kq - 2 6
2025-11-01 22:48:05,553 - analyzers.stockfish_analyzer - ERROR - Error evaluating move b7b5: san() and lan() expect move to be legal or null, but got b7b5 in r1bqk1nr/p4ppp/2p1p3/1pbpn3/6P1/4P2P/PPPP1PB1/RNBQ1RK1 w kq - 0 8
2025-11-01 22:48:05,606 - analyzers.stockfish_analyzer - ERROR - Error evaluating move a7a6: san() and lan() expect move to be legal or null, but got a7a6 in r1bqk1nr/5ppp/p1p1p3/1pbpn3/6P1/2N1P2P/PPPP1PB1/R1BQ1RK1 w kq - 0 9
2025-11-01 22:48:05,665 - analyzers.stockfish_analyzer - ERROR - Error evaluating move d5d4: san() and lan() expect move to be legal or null, but got d5d4 in r1bqk1nr/5ppp/p1p1p3/1pb1n3/1P1p2P1/2N1P2P/P1PP1PB1/R1BQ1RK1 w kq - 0 10
2025-11-01 22:48:05,863 - analyzers.performance_calculator - INFO - Analyzing game 2/5: v7p3r vs Chessman01345
2025-11-01 22:48:06,758 - analyzers.stockfish_analyzer - ERROR - Error evaluating move h2h3: san() and lan() expect move to be legal or null, but got h2h3 in r2qkbnr/ppp2ppp/2n5/4p3/3pP1b1/3P1N1P/PPP1NPP1/R1BQKB1R b KQkq - 0 6
2025-11-01 22:48:07,576 - analyzers.stockfish_analyzer - ERROR - Error evaluating move f4h6: san() and lan() expect move to be legal or null, but got f4h6 in r2q1rk1/ppp2ppp/2nb1n1B/8/3pP3/3P3P/PPPQNP2/R3KB1R b KQ - 4 11
2025-11-01 22:48:08,213 - analyzers.stockfish_analyzer - ERROR - Error evaluating move e2f4: san() and lan() expect move to be legal or null, but got e2f4 in r2q1rk1/ppp2ppp/2n4B/b6n/4PN2/2PP3P/P2Q1P2/R3KBR1 b Q - 4 15
2025-11-01 22:48:08,794 - analyzers.stockfish_analyzer - ERROR - Error evaluating move d2h6: san() and lan() expect move to be legal or null, but got d2h6 in r2q1r1k/ppp2p1p/2n4Q/b6N/4P3/2PP3P/P4P2/R3KBR1 b Q - 0 17
2025-11-01 22:48:08,986 - analyzers.stockfish_analyzer - ERROR - Error evaluating move h6g7: san() and lan() expect move to be legal or null, but got h6g7 in r2q1r1k/ppp2pQp/2n5/7N/4P3/3P3P/P3KP2/b4BR1 b - - 1 19
2025-11-01 22:48:09,101 - analyzers.stockfish_analyzer - ERROR - Error evaluating move a2a3: san() and lan() expect move to be legal or null, but got a2a3 in r2q2rk/ppp2R1p/8/7N/1n2P3/P2P3P/3K1P2/5B2 b - - 0 24
2025-11-01 22:48:09,142 - analyzers.stockfish_analyzer - ERROR - Error evaluating move c3b4: san() and lan() expect move to be legal or null, but got c3b4 in r5rk/ppp2R1p/8/7q/1K2P3/P2P3P/5P2/5B2 b - - 0 26
2025-11-01 22:48:09,142 - analyzers.performance_calculator - INFO - Analyzing game 3/5: 13GabrielMx vs v7p3r
2025-11-01 22:48:09,807 - analyzers.stockfish_analyzer - ERROR - Error evaluating move f7f6: san() and lan() expect move to be legal or null, but got f7f6 in rn1qkbnr/pp4pp/2p1pp2/3pPbB1/3P4/5N2/PPP2PPP/RN1QKB1R w KQkq - 0 6
2025-11-01 22:48:10,029 - analyzers.stockfish_analyzer - ERROR - Error evaluating move c6c5: san() and lan() expect move to be legal or null, but got c6c5 in rn1qkbnr/pp4pp/4pp2/2ppPb2/3P4/4BN2/PPP2PPP/RN1QKB1R w KQkq - 0 7
2025-11-01 22:48:10,334 - analyzers.stockfish_analyzer - ERROR - Error evaluating move g8e7: san() and lan() expect move to be legal or null, but got g8e7 in rn1qkb1r/pp2n1pp/4ppb1/2ppP3/3P3N/3BB3/PPP2PPP/RN1QK2R w KQkq - 4 9
2025-11-01 22:48:11,030 - analyzers.stockfish_analyzer - ERROR - Error evaluating move d7c5: san() and lan() expect move to be legal or null, but got d7c5 in r2qkb1r/pp4pp/4p1n1/2npPp2/3B1P2/3B4/PPP3PP/RN1QK2R w KQkq - 0 13
2025-11-01 22:48:11,398 - analyzers.stockfish_analyzer - ERROR - Error evaluating move g2f4: san() and lan() expect move to be legal or null, but got g2f4 in r2qk2r/pp4pp/4p3/3pPp2/5n2/2NBb3/PPP1K2P/R2Q1R2 w kq - 4 18
2025-11-01 22:48:12,002 - analyzers.stockfish_analyzer - ERROR - Error evaluating move d8d1: san() and lan() expect move to be legal or null, but got d8d1 in r4rk1/pp4pp/4p3/4Pp2/2B2K2/2P5/P1P4P/R2q1R2 w - - 0 22
2025-11-01 22:48:12,111 - analyzers.stockfish_analyzer - ERROR - Error evaluating move b7b6: san() and lan() expect move to be legal or null, but got b7b6 in r3r1k1/p2R2pp/1p2p3/4Pp2/2B2K2/2P5/P1P4P/5R2 w - - 0 24
2025-11-01 22:48:12,565 - analyzers.stockfish_analyzer - ERROR - Error evaluating move g1g4: san() and lan() expect move to be legal or null, but got g1g4 in 3r3k/7p/1p2R3/pB2Pp2/P4Kr1/2P5/2P4P/8 w - - 1 30
2025-11-01 22:48:13,165 - analyzers.stockfish_analyzer - ERROR - Error evaluating move h8g8: san() and lan() expect move to be legal or null, but got h8g8 in 4B1k1/7p/1p2P3/p3K3/P7/2P5/2P2r2/8 w - - 3 35
2025-11-01 22:48:13,222 - analyzers.stockfish_analyzer - ERROR - Error evaluating move f2c2: san() and lan() expect move to be legal or null, but got f2c2 in 4B1k1/4P2p/1p6/p3K3/P7/2P5/2r5/8 w - - 0 36
2025-11-01 22:48:13,663 - analyzers.performance_calculator - INFO - Analyzing game 4/5: v7p3r vs lichess AI level 3
2025-11-01 22:48:13,664 - analyzers.performance_calculator - WARNING - Illegal UCI move f8g8 in position rnbqkbnr/pppppppp/8/8/8/2P5/PP1PPPPP/RNBQKBNR b KQkq - 0 1
2025-11-01 22:48:13,664 - analyzers.performance_calculator - WARNING - Illegal UCI move f1g1 in position rnbqkbnr/pppppppp/8/8/8/2P5/PP1PPPPP/RNBQKBNR b KQkq - 0 1
2025-11-01 22:48:13,665 - analyzers.performance_calculator - WARNING - Illegal UCI move a1c2 in position rnbqkbnr/ppp1pppp/8/3p4/8/2P5/PP1PPPPP/RNBQKBNR w KQkq - 0 2
2025-11-01 22:48:13,665 - analyzers.performance_calculator - WARNING - Illegal UCI move h8g6 in position rnbqkbnr/ppp1pppp/8/3p4/8/2P5/PP1PPPPP/RNBQKBNR w KQkq - 0 2
2025-11-01 22:48:13,665 - analyzers.performance_calculator - WARNING - Illegal UCI move c2d4 in position rnbqkbnr/ppp1pppp/8/3p4/8/2P5/PP1PPPPP/RNBQKBNR w KQkq - 0 2
2025-11-01 22:48:13,666 - analyzers.performance_calculator - WARNING - Illegal UCI move e7e5 in position rnbqkbnr/ppp1pppp/8/3p4/8/2P5/PP1PPPPP/RNBQKBNR w KQkq - 0 2
2025-11-01 22:48:13,666 - analyzers.performance_calculator - WARNING - Illegal UCI move d4b3 in position rnbqkbnr/ppp1pppp/8/3p4/8/2P5/PP1PPPPP/RNBQKBNR w KQkq - 0 2
2025-11-01 22:48:13,666 - analyzers.performance_calculator - WARNING - Illegal UCI move c7c5 in position rnbqkbnr/ppp1pppp/8/3p4/8/2P5/PP1PPPPP/RNBQKBNR w KQkq - 0 2
2025-11-01 22:48:13,667 - analyzers.performance_calculator - WARNING - Illegal UCI move c5d4 in position rnbqkbnr/ppp1pppp/8/3p4/3P4/2P5/PP2PPPP/RNBQKBNR b KQkq - 0 2
2025-11-01 22:48:13,667 - analyzers.performance_calculator - WARNING - Illegal UCI move c3d4 in position rnbqkbnr/ppp1pppp/8/3p4/3P4/2P5/PP2PPPP/RNBQKBNR b KQkq - 0 2
2025-11-01 22:48:13,667 - analyzers.performance_calculator - WARNING - Illegal UCI move e5e4 in position rnbqkbnr/ppp1pppp/8/3p4/3P4/2P5/PP2PPPP/RNBQKBNR b KQkq - 0 2
2025-11-01 22:48:13,668 - analyzers.performance_calculator - WARNING - Illegal UCI move c1c8 in position rnbqkbnr/ppp1pppp/8/3p4/3P4/2P5/PP2PPPP/RNBQKBNR b KQkq - 0 2
2025-11-01 22:48:13,668 - analyzers.performance_calculator - WARNING - Illegal UCI move d8c8 in position rnbqkbnr/ppp1pppp/8/3p4/3P4/2P5/PP2PPPP/RNBQKBNR b KQkq - 0 2
2025-11-01 22:48:13,668 - analyzers.performance_calculator - WARNING - Illegal UCI move d1c1 in position rnbqkbnr/ppp1pppp/8/3p4/3P4/2P5/PP2PPPP/RNBQKBNR b KQkq - 0 2
2025-11-01 22:48:13,669 - analyzers.performance_calculator - WARNING - Illegal UCI move e8b5 in position rnbqkbnr/ppp1pppp/8/3p4/3P4/2P5/PP2PPPP/RNBQKBNR b KQkq - 0 2
2025-11-01 22:48:13,669 - analyzers.performance_calculator - WARNING - Illegal UCI move c1c8 in position rnbqkbnr/ppp1pppp/8/3p4/3P4/2P5/PP2PPPP/RNBQKBNR b KQkq - 0 2
2025-11-01 22:48:13,669 - analyzers.performance_calculator - WARNING - Illegal UCI move f8c8 in position rnbqkbnr/ppp1pppp/8/3p4/3P4/2P5/PP2PPPP/RNBQKBNR b KQkq - 0 2
2025-11-01 22:48:13,670 - analyzers.performance_calculator - WARNING - Illegal UCI move b3c1 in position rnbqkbnr/ppp1pppp/8/3p4/3P4/2P5/PP2PPPP/RNBQKBNR b KQkq - 0 2
2025-11-01 22:48:13,670 - analyzers.performance_calculator - WARNING - Illegal UCI move b8d6 in position rnbqkbnr/ppp1pppp/8/3p4/3P4/2P5/PP2PPPP/RNBQKBNR b KQkq - 0 2
2025-11-01 22:48:13,670 - analyzers.performance_calculator - WARNING - Illegal UCI move e1c3 in position rnbqkbnr/ppp1pppp/8/3p4/3P4/2P5/PP2PPPP/RNBQKBNR b KQkq - 0 2
2025-11-01 22:48:13,670 - analyzers.performance_calculator - WARNING - Illegal UCI move e4e3 in position rnbqkbnr/ppp1ppp1/7p/3p4/3P4/2P2P2/PP2P1PP/RNBQKBNR b KQkq - 0 3
2025-11-01 22:48:13,671 - analyzers.performance_calculator - WARNING - Illegal UCI move c1d3 in position rnbqkbnr/ppp1ppp1/7p/3p4/3P4/2P2P2/PP2P1PP/RNBQKBNR b KQkq - 0 3
2025-11-01 22:48:13,671 - analyzers.performance_calculator - WARNING - Illegal UCI move c3b4 in position rnbqkbnr/ppp1ppp1/8/3p3p/3P4/2P2P2/PP2P1PP/RNBQKBNR w KQkq - 0 4
2025-11-01 22:48:13,671 - analyzers.performance_calculator - WARNING - Illegal UCI move d6b4 in position rnbqkbnr/ppp1ppp1/8/3p3p/3P4/2P2P2/PP2P1PP/RNBQKBNR w KQkq - 0 4
2025-11-01 22:48:13,671 - analyzers.performance_calculator - WARNING - Illegal UCI move d3b4 in position rnbqkbnr/ppp1ppp1/8/3p3p/3P4/2P2P2/PP2P1PP/RNBQKBNR w KQkq - 0 4
2025-11-01 22:48:13,671 - analyzers.performance_calculator - WARNING - Illegal UCI move b5e2 in position rnbqkbnr/ppp1ppp1/8/3p3p/3P4/2P2P2/PP2P1PP/RNBQKBNR w KQkq - 0 4
2025-11-01 22:48:13,672 - analyzers.performance_calculator - WARNING - Illegal UCI move f1e1 in position rnbqkbnr/ppp1ppp1/8/3p3p/3P4/2P2P2/PP2P1PP/RNBQKBNR w KQkq - 0 4
2025-11-01 22:48:13,672 - analyzers.performance_calculator - WARNING - Illegal UCI move e2b5 in position rnbqkbnr/ppp1ppp1/8/3p3p/3P4/2P2P2/PP2P1PP/RNBQKBNR w KQkq - 0 4
2025-11-01 22:48:13,672 - analyzers.performance_calculator - WARNING - Illegal UCI move b1g6 in position rnbqkbnr/ppp1ppp1/8/3p3p/3P4/2P2P2/PP2P1PP/RNBQKBNR w KQkq - 0 4
2025-11-01 22:48:13,672 - analyzers.performance_calculator - WARNING - Illegal UCI move f7g6 in position rnbqkbnr/ppp1ppp1/8/3p3p/3P4/2P2P2/PP2P1PP/RNBQKBNR w KQkq - 0 4
2025-11-01 22:48:13,672 - analyzers.performance_calculator - WARNING - Illegal UCI move e1e3 in position rnbqkbnr/ppp1ppp1/8/3p3p/3P4/2P2P2/PP2P1PP/RNBQKBNR w KQkq - 0 4
2025-11-01 22:48:13,673 - analyzers.performance_calculator - WARNING - Illegal UCI move a8c7 in position rnbqkbnr/ppp1ppp1/8/3p3p/3P4/2P2P2/PP2P1PP/RNBQKBNR w KQkq - 0 4
2025-11-01 22:48:13,673 - analyzers.performance_calculator - WARNING - Illegal UCI move g8f7 in position rnbqkbnr/1pp1ppp1/8/p2p3p/P2P4/1PP2P2/4P1PP/RNBQKBNR b KQkq - 0 5
2025-11-01 22:48:13,673 - analyzers.performance_calculator - WARNING - Illegal UCI move b4d3 in position rnbqkbnr/1pp1ppp1/8/p2p3p/P2P4/1PP2P2/4P1PP/RNBQKBNR b KQkq - 0 5
2025-11-01 22:48:13,673 - analyzers.performance_calculator - WARNING - Illegal UCI move b5c6 in position rnbqkbnr/1pp1ppp1/8/p2p3p/P2P4/1PP2P2/4P1PP/RNBQKBNR b KQkq - 0 5
2025-11-01 22:48:13,674 - analyzers.performance_calculator - WARNING - Illegal UCI move d3e5 in position rnbqkbnr/1pp1ppp1/8/p2p3p/P2P4/1PP2P2/4P1PP/RNBQKBNR b KQkq - 0 5
2025-11-01 22:48:13,674 - analyzers.performance_calculator - WARNING - Illegal UCI move e5c6 in position rnbqkbnr/1pp1p1p1/5p2/p2p3p/P2P4/1PP2P2/4P1PP/RNBQKBNR w KQkq - 0 6
2025-11-01 22:48:13,674 - analyzers.performance_calculator - WARNING - Illegal UCI move b7c6 in position rnbqkbnr/1pp1p1p1/5p2/p2p3p/P2P4/1PP2P2/4P1PP/RNBQKBNR w KQkq - 0 6
2025-11-01 22:48:13,675 - analyzers.performance_calculator - WARNING - Illegal UCI move h1g3 in position rnbqkbnr/1pp1p1p1/5p2/p2p3p/P2P4/1PP2P2/4P1PP/RNBQKBNR w KQkq - 0 6
2025-11-01 22:48:13,675 - analyzers.performance_calculator - WARNING - Illegal UCI move g3e2 in position rnbqkbnr/1pp1p1p1/5p2/p2p3p/P2P3P/1PP2P2/4P1P1/RNBQKBNR b KQkq - 0 6
2025-11-01 22:48:13,675 - analyzers.performance_calculator - WARNING - Illegal UCI move e2c1 in position 1rbqkbnr/1pp1p1p1/n4p2/p2p3p/P2P1P1P/1PP5/4P1P1/RNBQKBNR w KQk - 1 8
2025-11-01 22:48:13,676 - analyzers.performance_calculator - WARNING - Illegal UCI move c6c5 in position 1rbqkbnr/1pp1p1p1/n4p2/p2p3p/P2P1P1P/1PP5/4P1P1/RNBQKBNR w KQk - 1 8
2025-11-01 22:48:13,676 - analyzers.performance_calculator - WARNING - Illegal UCI move c1a2 in position 1rbqkbnr/1pp1p1p1/n4p2/p2p3p/P2P1P1P/1PP5/4P1P1/RNBQKBNR w KQk - 1 8
2025-11-01 22:48:13,676 - analyzers.performance_calculator - WARNING - Illegal UCI move g6g5 in position 1rbqkbnr/1pp1p1p1/n4p2/p2p3p/P2P1P1P/1PP5/4P1P1/RNBQKBNR w KQk - 1 8
2025-11-01 22:48:13,677 - analyzers.performance_calculator - WARNING - Illegal UCI move d4c5 in position 1rbqkbnr/1pp1p1p1/n4p2/p2p3p/P2P1P1P/1PP5/4P1P1/RNBQKBNR w KQk - 1 8
2025-11-01 22:48:13,677 - analyzers.performance_calculator - WARNING - Illegal UCI move a6c5 in position 1rbqkbnr/1pp1p1p1/n4p2/p2p3p/P2P1P1P/1PP5/4P1P1/RNBQKBNR w KQk - 1 8
2025-11-01 22:48:13,677 - analyzers.performance_calculator - WARNING - Illegal UCI move a2c3 in position 1rbqkbnr/1pp1p1p1/n4p2/p2p3p/P2P1P1P/1PP5/4P1P1/RNBQKBNR w KQk - 1 8
2025-11-01 22:48:13,677 - analyzers.performance_calculator - WARNING - Illegal UCI move f6f5 in position 1rbqkbnr/1pp1p1p1/n4p2/p2p3p/P2P1P1P/1PP5/4P1P1/RNBQKBNR w KQk - 1 8
2025-11-01 22:48:13,678 - analyzers.performance_calculator - WARNING - Illegal UCI move c3d5 in position 1rbqkbnr/1pp1p1p1/n4p2/p2p3p/P2P1P1P/1PP5/4P1P1/RNBQKBNR w KQk - 1 8
2025-11-01 22:48:13,678 - analyzers.performance_calculator - WARNING - Illegal UCI move g5f4 in position 1rbqkbnr/1pp1p1p1/n4p2/p2p3p/P2P1P1P/1PP5/4P1P1/RNBQKBNR w KQk - 1 8
2025-11-01 22:48:13,678 - analyzers.performance_calculator - WARNING - Illegal UCI move e3f3 in position 1rbqkbnr/1pp1p1p1/n4p2/p2p3p/P2P1P1P/1PP5/4P1P1/RNBQKBNR w KQk - 1 8
2025-11-01 22:48:13,678 - analyzers.performance_calculator - WARNING - Illegal UCI move c5e6 in position 1rbqkbnr/1pp1p1p1/n4p2/p2p3p/P2P1P1P/1PP5/4P1P1/RNBQKBNR w KQk - 1 8
2025-11-01 22:48:13,679 - analyzers.performance_calculator - WARNING - Illegal UCI move h2h3 in position 1rbqkbnr/1pp1p1p1/n4p2/p2p3p/P2P1P1P/1PP5/4P1P1/RNBQKBNR w KQk - 1 8
2025-11-01 22:48:13,679 - analyzers.performance_calculator - WARNING - Illegal UCI move b8d8 in position 1rbqkbnr/1pp1p1p1/n4p2/p2p3p/P2P1P1P/1PP5/4P1P1/RNBQKBNR w KQk - 1 8
2025-11-01 22:48:13,679 - analyzers.performance_calculator - WARNING - Illegal UCI move d5b6 in position 1rbqkbnr/1pp1p1p1/n4p2/p2p3p/P2P1P1P/1PP5/4P1P1/RNBQKBNR w KQk - 1 8
2025-11-01 22:48:13,679 - analyzers.performance_calculator - WARNING - Illegal UCI move f5e4 in position 1rbqkbnr/1pp1p1p1/n4p2/p2p3p/P2P1P1P/1PP5/4P1P1/RNBQKBNR w KQk - 1 8
2025-11-01 22:48:13,680 - analyzers.performance_calculator - WARNING - Illegal UCI move d8d2 in position 1rbqkbnr/1pp1p1p1/n4p2/p2p3p/P2P1P1P/1PP5/4PKP1/RNBQ1BNR b k - 2 8
2025-11-01 22:48:13,680 - analyzers.performance_calculator - WARNING - Illegal UCI move f2e1 in position 1rbqkbnr/1pp1p1p1/n4p2/p2p3p/P2P1P1P/1PP5/4PKP1/RNBQ1BNR b k - 2 8
2025-11-01 22:48:13,680 - analyzers.performance_calculator - WARNING - Illegal UCI move d2c2 in position 1rbqkbnr/1pp1p1p1/n4p2/p2p3p/P2P1P1P/1PP5/4PKP1/RNBQ1BNR b k - 2 8
2025-11-01 22:48:13,680 - analyzers.performance_calculator - WARNING - Illegal UCI move e1f1 in position 1rbqkbnr/1pp1p1p1/n4p2/p2p3p/P2P1P1P/1PP5/4PKP1/RNBQ1BNR b k - 2 8
2025-11-01 22:48:13,680 - analyzers.performance_calculator - WARNING - Illegal UCI move b6c4 in position 1rbqkbnr/1pp1p1p1/5p2/p1np3p/P2P1P1P/1PP5/4PKP1/RNBQ1BNR w k - 3 9
2025-11-01 22:48:13,681 - analyzers.performance_calculator - WARNING - Illegal UCI move c5b3 in position 1rbqkbnr/1pp1p1p1/5p2/p1np3p/P2P1P1P/1PP5/4PKP1/RNBQ1BNR w k - 3 9
2025-11-01 22:48:13,681 - analyzers.performance_calculator - WARNING - Illegal UCI move f3b3 in position 1rbqkbnr/1pp1p1p1/5p2/p1np3p/P2P1P1P/1PP5/4PKP1/RNBQ1BNR w k - 3 9
2025-11-01 22:48:13,681 - analyzers.performance_calculator - WARNING - Illegal UCI move c2c1 in position 1rbqkbnr/1pp1p1p1/5p2/p1np3p/P2P1P1P/1PP5/4PKP1/RNBQ1BNR w k - 3 9
2025-11-01 22:48:13,681 - analyzers.performance_calculator - WARNING - Illegal UCI move f1f2 in position 1rbqkbnr/1pp1p1p1/5p2/p1np3p/P2P1P1P/1PP5/4PKP1/RNBQ1BNR w k - 3 9
2025-11-01 22:48:13,681 - analyzers.performance_calculator - WARNING - Illegal UCI move c1c4 in position 1rbqkbnr/1pp1p1p1/5p2/p1np3p/P2P1P1P/1PP5/4PKP1/RNBQ1BNR w k - 3 9
2025-11-01 22:48:13,682 - analyzers.performance_calculator - WARNING - Illegal UCI move b3b7 in position 1rbqkbnr/1pp1p1p1/5p2/p1np3p/P2P1P1P/1PP5/4PKP1/RNBQ1BNR w k - 3 9
2025-11-01 22:48:13,682 - analyzers.performance_calculator - WARNING - Illegal UCI move g7g5 in position 1rbqkbnr/1pp1p1p1/5p2/p1np3p/P2P1P1P/1PP5/4PKP1/RNBQ1BNR w k - 3 9
2025-11-01 22:48:13,682 - analyzers.performance_calculator - WARNING - Illegal UCI move b7b5 in position 1rbqkbnr/1pp1p1p1/5p2/p1np3p/P2P1P1P/1PP5/4PKP1/RNBQ1BNR w k - 3 9
2025-11-01 22:48:13,682 - analyzers.performance_calculator - WARNING - Illegal UCI move c4c2 in position 1rbqkbnr/1pp1p1p1/5p2/p1np3p/P2P1P1P/1PP5/4PKP1/RNBQ1BNR w k - 3 9
2025-11-01 22:48:13,682 - analyzers.performance_calculator - WARNING - Illegal UCI move e4e3 in position 1rbqkbnr/1pp1p1p1/5p2/p1np3p/P2P1P1P/1PP5/4P1P1/RNBQKBNR b k - 4 9
2025-11-01 22:48:13,683 - analyzers.performance_calculator - WARNING - Illegal UCI move e1d1 in position 1rbqkbnr/1pp1p1p1/5p2/p1np3p/P2P1P1P/1PP5/4P1P1/RNBQKBNR b k - 4 9
2025-11-01 22:48:13,683 - analyzers.performance_calculator - WARNING - Illegal UCI move c2d2 in position 1rbqkbnr/1pp1p1p1/5p2/p1np3p/P2P1P1P/1PP5/4P1P1/RNBQKBNR b k - 4 9
2025-11-01 22:48:13,683 - analyzers.performance_calculator - WARNING - Illegal UCI move d1c1 in position 1rbqkbnr/1pp1p1p1/5p2/p1np3p/P2P1P1P/1PP5/4P1P1/RNBQKBNR b k - 4 9
2025-11-01 22:48:13,683 - analyzers.performance_calculator - WARNING - Illegal UCI move d2d4 in position 1rbqkbnr/1pp1p1p1/5p2/p1np3p/P2P1P1P/1PP5/4P1P1/RNBQKBNR b k - 4 9
2025-11-01 22:48:13,683 - analyzers.performance_calculator - WARNING - Illegal UCI move b5a5 in position 1rbqkbnr/1pp1p1p1/5p2/p1np3p/P2P1P1P/1PP5/4P1P1/RNBQKBNR b k - 4 9
2025-11-01 22:48:13,684 - analyzers.performance_calculator - WARNING - Illegal UCI move d4c4 in position 1rbqkbnr/1pp1p1p1/5p2/p1np3p/P2P1P1P/1PP5/4P1P1/RNBQKBNR b k - 4 9
2025-11-01 22:48:13,684 - analyzers.performance_calculator - WARNING - Illegal UCI move c1b2 in position 1rbqkbnr/1pp1p1p1/5p2/p1np3p/P2P1P1P/1PP5/4P1P1/RNBQKBNR b k - 4 9
2025-11-01 22:48:13,684 - analyzers.performance_calculator - WARNING - Illegal UCI move e3e4 in position 1rbqkbnr/1pp1p1p1/5p2/p1np3p/P2P1P1P/1PP5/4P1P1/RNBQKBNR b k - 4 9
2025-11-01 22:48:13,684 - analyzers.performance_calculator - WARNING - Illegal UCI move a5g5 in position 1rbqkbnr/1pp1p1p1/5p2/p1np3p/P2P1P1P/1PP5/4P1P1/RNBQKBNR b k - 4 9
2025-11-01 22:48:13,684 - analyzers.performance_calculator - WARNING - Illegal UCI move e4d3 in position 1rbqkbnr/1pp1p1p1/5p2/p1np3p/P2P1P1P/1PP5/4P1P1/RNBQKBNR b k - 4 9
2025-11-01 22:48:13,685 - analyzers.performance_calculator - WARNING - Illegal UCI move b2b3 in position 1rbqkbnr/1pp1p1p1/5p2/p1np3p/P2P1P1P/1PP5/4P1P1/RNBQKBNR b k - 4 9
2025-11-01 22:48:13,685 - analyzers.performance_calculator - WARNING - Illegal UCI move c4c6 in position 1rbqkbnr/1pp1p1p1/5p2/p1np3p/P2P1P1P/1PP5/4P1P1/RNBQKBNR b k - 4 9
2025-11-01 22:48:13,685 - analyzers.performance_calculator - WARNING - Illegal UCI move b3b4 in position 1rbqkbnr/1pp1p1p1/5p2/p1np3p/P2P1P1P/1PP5/4P1P1/RNBQKBNR b k - 4 9
2025-11-01 22:48:13,685 - analyzers.performance_calculator - WARNING - Illegal UCI move c6c8 in position 1rbqkbnr/1pp1p1p1/5p2/p1np3p/P2P1P1P/1PP5/4P1P1/RNBQKBNR b k - 4 9
2025-11-01 22:48:13,685 - analyzers.performance_calculator - WARNING - Illegal UCI move b4b5 in position 1rbqkbnr/1pp1p1p1/5p2/p1np3p/P2P1P1P/1PP5/4P1P1/RNBQKBNR b k - 4 9
2025-11-01 22:48:13,686 - analyzers.performance_calculator - WARNING - Illegal UCI move d3e2 in position 1rbqkbnr/1pp1p1p1/5p2/p1np3p/P2P1P1P/1PP5/4P1P1/RNBQKBNR b k - 4 9
2025-11-01 22:48:13,686 - analyzers.performance_calculator - WARNING - Illegal UCI move a4a5 in position 1rbqkbnr/1pp1p1p1/5p2/p1np3p/P2P1P1P/1PP5/4P1P1/RNBQKBNR b k - 4 9
2025-11-01 22:48:13,686 - analyzers.performance_calculator - WARNING - Illegal UCI move c8e8 in position 1rbqkbnr/1pp1p1p1/5p2/p1np3p/P2P1P1P/1PP5/4P1P1/RNBQKBNR b k - 4 9
2025-11-01 22:48:13,686 - analyzers.performance_calculator - WARNING - Illegal UCI move a5a6 in position 1rbqkbnr/1pp1p1p1/5p2/p1np3p/P2P1P1P/1PP5/4P1P1/RNBQKBNR b k - 4 9
2025-11-01 22:48:13,686 - analyzers.performance_calculator - WARNING - Illegal UCI move e2d3 in position 1rbqkbnr/1pp1p1p1/5p2/p1np3p/P2P1P1P/1PP5/4P1P1/RNBQKBNR b k - 4 9
2025-11-01 22:48:13,687 - analyzers.performance_calculator - WARNING - Illegal UCI move b5b6 in position 1rbqkbnr/1pp1p1p1/5p2/p1np3p/P2P1P1P/1PP5/4P1P1/RNBQKBNR b k - 4 9
2025-11-01 22:48:13,687 - analyzers.performance_calculator - WARNING - Illegal UCI move e8e7 in position 1rbqkbnr/1pp1p1p1/5p2/p1np3p/P2P1P1P/1PP5/4P1P1/RNBQKBNR b k - 4 9
2025-11-01 22:48:13,687 - analyzers.performance_calculator - WARNING - Illegal UCI move a6a7 in position 1rbqkbnr/1pp1p1p1/5p2/p1np3p/P2P1P1P/1PP5/4P1P1/RNBQKBNR b k - 4 9
2025-11-01 22:48:13,688 - analyzers.performance_calculator - WARNING - Illegal UCI move e7a7 in position 1rbqkbnr/1pp1p1p1/5p2/p1np3p/P2P1P1P/1PP5/4P1P1/RNBQKBNR b k - 4 9
2025-11-01 22:48:13,688 - analyzers.performance_calculator - WARNING - Illegal UCI move b6a7 in position 1rbqkbnr/1pp1p1p1/5p2/p1np3p/P2P1P1P/1PP5/4P1P1/RNBQKBNR b k - 4 9
2025-11-01 22:48:13,688 - analyzers.performance_calculator - WARNING - Illegal UCI move d3e4 in position 1rbqkbnr/1pp1p1p1/5p2/p1np3p/P2P1P1P/1PP5/4P1P1/RNBQKBNR b k - 4 9
2025-11-01 22:48:13,689 - analyzers.performance_calculator - WARNING - Illegal UCI move g5g4 in position 1rbqkbnr/1pp1p1p1/5p2/p1np3p/P2P1P1P/1PP5/4P1P1/RNBQKBNR b k - 4 9
2025-11-01 22:48:13,689 - analyzers.performance_calculator - WARNING - Illegal UCI move e4e3 in position 1rbqkbnr/1pp1p1p1/5p2/p1np3p/P2P1P1P/1PP5/4P1P1/RNBQKBNR b k - 4 9
2025-11-01 22:48:13,689 - analyzers.performance_calculator - WARNING - Illegal UCI move g4h4 in position 1rbqkbnr/1pp1p1p1/5p2/p1np3p/P2P1P1P/1PP5/4P1P1/RNBQKBNR b k - 4 9
2025-11-01 22:48:13,689 - analyzers.performance_calculator - WARNING - Illegal UCI move e3d3 in position 1rbqkbnr/1pp1p1p1/5p2/p1np3p/P2P1P1P/1PP5/4P1P1/RNBQKBNR b k - 4 9
2025-11-01 22:48:13,689 - analyzers.performance_calculator - WARNING - Illegal UCI move h4f4 in position 1rbqkbnr/1pp1p1p1/5p2/p1np3p/P2P1P1P/1PP5/4P1P1/RNBQKBNR b k - 4 9
2025-11-01 22:48:13,690 - analyzers.performance_calculator - WARNING - Illegal UCI move d3e3 in position 1rbqkbnr/1pp1p1p1/5p2/p1np3p/P2P1P1P/1PP5/4P1P1/RNBQKBNR b k - 4 9
2025-11-01 22:48:13,690 - analyzers.performance_calculator - WARNING - Illegal UCI move f4f3 in position 1rbqkbnr/1pp1p1p1/5p2/p1np3p/P2P1P1P/1PP5/4P1P1/RNBQKBNR b k - 4 9
2025-11-01 22:48:13,690 - analyzers.performance_calculator - WARNING - Illegal UCI move e3d2 in position 1rbqkbnr/1pp1p1p1/5p2/p1np3p/P2P1P1P/1PP5/4P1P1/RNBQKBNR b k - 4 9
2025-11-01 22:48:13,690 - analyzers.performance_calculator - WARNING - Illegal UCI move h3h4 in position 1rbqkbnr/1pp1p1p1/5p2/p1np3p/P2P1P1P/1PP5/4P1P1/RNBQKBNR b k - 4 9
2025-11-01 22:48:13,691 - analyzers.performance_calculator - WARNING - Illegal UCI move d2e2 in position 1rbqkbnr/1pp1p1p1/5p2/p1np3p/P2P1P1P/1PP5/4P1P1/RNBQKBNR b k - 4 9
2025-11-01 22:48:13,691 - analyzers.performance_calculator - WARNING - Illegal UCI move h4h5 in position 1rbqkbnr/1pp1p1p1/5p2/p1np3p/P2P1P1P/1PP5/4P1P1/RNBQKBNR b k - 4 9
2025-11-01 22:48:13,691 - analyzers.performance_calculator - WARNING - Illegal UCI move e2d1 in position 1rbqkbnr/1pp1p1p1/5p2/p1np3p/P2P1P1P/1PP5/4P1P1/RNBQKBNR b k - 4 9
2025-11-01 22:48:13,691 - analyzers.performance_calculator - WARNING - Illegal UCI move h5h6 in position 1rbqkbnr/1pp1p1p1/5p2/p1np3p/P2P1P1P/1PP5/4P1P1/RNBQKBNR b k - 4 9
2025-11-01 22:48:13,691 - analyzers.performance_calculator - WARNING - Illegal UCI move d1e2 in position 1rbqkbnr/1pp1p1p1/5p2/p1np3p/P2P1P1P/1PP5/4P1P1/RNBQKBNR b k - 4 9
2025-11-01 22:48:13,692 - analyzers.performance_calculator - WARNING - Illegal UCI move h6h7 in position 1rbqkbnr/1pp1p1p1/5p2/p1np3p/P2P1P1P/1PP5/4P1P1/RNBQKBNR b k - 4 9
2025-11-01 22:48:13,692 - analyzers.performance_calculator - WARNING - Illegal UCI move e2d2 in position 1rbqkbnr/1pp1p1p1/5p2/p1np3p/P2P1P1P/1PP5/4P1P1/RNBQKBNR b k - 4 9
2025-11-01 22:48:13,692 - analyzers.performance_calculator - WARNING - Illegal UCI move h7h8q in position 1rbqkbnr/1pp1p1p1/5p2/p1np3p/P2P1P1P/1PP5/4P1P1/RNBQKBNR b k - 4 9
2025-11-01 22:48:13,692 - analyzers.performance_calculator - WARNING - Illegal UCI move d2c1 in position 1rbqkbnr/1pp1p1p1/5p2/p1np3p/P2P1P1P/1PP5/4P1P1/RNBQKBNR b k - 4 9
2025-11-01 22:48:13,693 - analyzers.performance_calculator - WARNING - Illegal UCI move h8d4 in position 1rbqkbnr/1pp1p1p1/5p2/p1np3p/P2P1P1P/1PP5/4P1P1/RNBQKBNR b k - 4 9
2025-11-01 22:48:13,693 - analyzers.performance_calculator - WARNING - Illegal UCI move c1c2 in position 1rbqkbnr/1pp1p1p1/5p2/p1np3p/P2P1P1P/1PP5/4P1P1/RNBQKBNR b k - 4 9
2025-11-01 22:48:13,693 - analyzers.performance_calculator - WARNING - Illegal UCI move f3c3 in position 1rbqkbnr/1pp1p1p1/5p2/p1np3p/P2P1P1P/1PP5/4P1P1/RNBQKBNR b k - 4 9
2025-11-01 22:48:13,693 - analyzers.performance_calculator - WARNING - Illegal UCI move c2b2 in position 1rbqkbnr/1pp1p1p1/5p2/p1np3p/P2P1P1P/1PP5/4P1P1/RNBQKBNR b k - 4 9
2025-11-01 22:48:13,693 - analyzers.performance_calculator - WARNING - Illegal UCI move d4b4 in position 1rbqkbnr/1pp1p1p1/5p2/p1np3p/P2P1P1P/1PP5/4P1P1/RNBQKBNR b k - 4 9
2025-11-01 22:48:13,700 - analyzers.performance_calculator - WARNING - Illegal UCI move b2a2 in position 1rbqkbnr/1pp1p1p1/5p2/p1np3p/P2P1P1P/1PP5/4P1P1/RNBQKBNR b k - 4 9
2025-11-01 22:48:13,701 - analyzers.performance_calculator - WARNING - Illegal UCI move c3a3 in position 1rbqkbnr/1pp1p1p1/5p2/p1np3p/P2P1P1P/1PP5/4P1P1/RNBQKBNR b k - 4 9
2025-11-01 22:48:13,865 - analyzers.stockfish_analyzer - ERROR - Error evaluating move c2c3: san() and lan() expect move to be legal or null, but got c2c3 in rnbqkbnr/pppppppp/8/8/8/2P5/PP1PPPPP/RNBQKBNR b KQkq - 0 1
2025-11-01 22:48:14,158 - analyzers.stockfish_analyzer - ERROR - Error evaluating move f2f3: san() and lan() expect move to be legal or null, but got f2f3 in rnbqkbnr/ppp1ppp1/7p/3p4/3P4/2P2P2/PP2P1PP/RNBQKBNR b KQkq - 0 3
2025-11-01 22:48:14,380 - analyzers.stockfish_analyzer - ERROR - Error evaluating move b2b3: san() and lan() expect move to be legal or null, but got b2b3 in rnbqkbnr/ppp1ppp1/8/3p3p/3P4/1PP2P2/P3P1PP/RNBQKBNR b KQkq - 0 4
2025-11-01 22:48:14,752 - analyzers.stockfish_analyzer - ERROR - Error evaluating move f3f4: san() and lan() expect move to be legal or null, but got f3f4 in r1bqkbnr/1pp1p1p1/n4p2/p2p3p/P2P1P1P/1PP5/4P1P1/RNBQKBNR b KQkq - 0 7
2025-11-01 22:48:15,068 - analyzers.stockfish_analyzer - ERROR - Error evaluating move e1f2: san() and lan() expect move to be legal or null, but got e1f2 in 1rbqkbnr/1pp1p1p1/n4p2/p2p3p/P2P1P1P/1PP5/4PKP1/RNBQ1BNR b k - 2 8
2025-11-01 22:48:15,136 - analyzers.stockfish_analyzer - ERROR - Error evaluating move f2e1: san() and lan() expect move to be legal or null, but got f2e1 in 1rbqkbnr/1pp1p1p1/5p2/p1np3p/P2P1P1P/1PP5/4P1P1/RNBQKBNR b k - 4 9
2025-11-01 22:48:15,137 - analyzers.performance_calculator - INFO - Analyzing game 5/5: v7p3r vs v7p3r_bot
2025-11-01 22:48:15,577 - analyzers.stockfish_analyzer - ERROR - Error evaluating move d1f3: san() and lan() expect move to be legal or null, but got d1f3 in rnb1kbnr/pppp1ppp/4p3/8/3PP2q/5Q2/PPP2PPP/RNB1KBNR b KQkq - 2 3
2025-11-01 22:48:15,728 - analyzers.stockfish_analyzer - ERROR - Error evaluating move e4e5: san() and lan() expect move to be legal or null, but got e4e5 in rnb1kbnr/ppp2ppp/4p3/3pP3/3P3q/5Q2/PPP2PPP/RNB1KBNR b KQkq - 0 4
2025-11-01 22:48:15,845 - analyzers.stockfish_analyzer - ERROR - Error evaluating move c2c3: san() and lan() expect move to be legal or null, but got c2c3 in rnb1kbnr/ppp2ppp/4p3/3pP3/3q4/2P2Q2/PP3PPP/RNB1KBNR b KQkq - 0 5
2025-11-01 22:48:15,932 - analyzers.stockfish_analyzer - ERROR - Error evaluating move c1e3: san() and lan() expect move to be legal or null, but got c1e3 in rnb1kbnr/pp3ppp/2p1p3/3pq3/8/2P1BQ2/PP2NPPP/RN2KB1R b KQkq - 1 7
2025-11-01 22:48:15,985 - analyzers.stockfish_analyzer - ERROR - Error evaluating move g2g3: san() and lan() expect move to be legal or null, but got g2g3 in rnb1kb1r/pp3ppp/2p1pn2/3pq3/8/2P1BQP1/PP2NP1P/RN2KB1R b KQkq - 0 8
2025-11-01 22:48:16,109 - analyzers.stockfish_analyzer - ERROR - Error evaluating move a2a4: san() and lan() expect move to be legal or null, but got a2a4 in rnb1kb1r/1p3pp1/p1p1pn1p/3pq3/P7/2P1BQP1/1P1NNP1P/R3KB1R b KQkq - 0 10
2025-11-01 22:48:16,330 - analyzers.stockfish_analyzer - ERROR - Error evaluating move e3f4: san() and lan() expect move to be legal or null, but got e3f4 in rnb1k2r/1p3pp1/p1pb1n1p/3p1p2/P4B2/2P3P1/1P1NNPBP/R3K2R b KQkq - 3 13
2025-11-01 22:48:16,577 - analyzers.stockfish_analyzer - ERROR - Error evaluating move g2e4: san() and lan() expect move to be legal or null, but got g2e4 in rnb2rk1/1p3p2/p1p4p/3p1pp1/P3B3/2PN2P1/1P1N1P1P/R4RK1 b - - 0 17
2025-11-01 22:48:16,718 - analyzers.stockfish_analyzer - ERROR - Error evaluating move g6h8: san() and lan() expect move to be legal or null, but got g6h8 in rn2r2N/1p5k/p1p2p1p/3p2p1/P3p3/2P2PPb/1P1N3P/R3R1K1 b - - 2 22
2025-11-01 22:48:16,840 - analyzers.stockfish_analyzer - ERROR - Error evaluating move b2b3: san() and lan() expect move to be legal or null, but got b2b3 in rn6/6k1/p1p2p1p/1p1P2p1/P7/1PP3Pb/3N3P/4R1K1 b - - 0 26
2025-11-01 22:48:17,072 - analyzers.stockfish_analyzer - ERROR - Error evaluating move g1f2: san() and lan() expect move to be legal or null, but got g1f2 in r7/6k1/2n2p1p/6p1/2N5/6Pb/5K1P/4R3 b - - 2 31
2025-11-01 22:48:17,117 - analyzers.stockfish_analyzer - ERROR - Error evaluating move f2f3: san() and lan() expect move to be legal or null, but got f2f3 in r5k1/8/2n2p1p/6p1/2N5/5KPb/7P/4R3 b - - 4 32
2025-11-01 22:48:17,172 - analyzers.stockfish_analyzer - ERROR - Error evaluating move e1e6: san() and lan() expect move to be legal or null, but got e1e6 in 5rk1/8/2n1Rp1p/6p1/2N5/5KPb/7P/8 b - - 6 33
2025-11-01 22:48:17,228 - analyzers.stockfish_analyzer - ERROR - Error evaluating move c4e5: san() and lan() expect move to be legal or null, but got c4e5 in 5rk1/8/2n1bp1p/4N1p1/8/5KP1/7P/8 b - - 1 34
2025-11-01 22:48:17,229 - __main__ - INFO - Successfully analyzed 5 games
2025-11-01 22:48:17,229 - __main__ - INFO - Calculating performance metrics...
2025-11-01 22:48:17,230 - __main__ - INFO - Generating actionable insights...
2025-11-01 22:48:17,230 - insights.insights_generator - INFO - Generating actionable insights...
2025-11-01 22:48:17,230 - __main__ - INFO - Analysis completed successfully!
2025-11-01 22:48:17,236 - __main__ - INFO - Results saved to analysis_results.json
2025-11-01 22:49:33,897 - analyzers.stockfish_analyzer - INFO - Stockfish initialized with depth 12
2025-11-01 22:49:33,897 - __main__ - INFO - Chess Analyzer initialized for player: v7p3r
2025-11-01 22:49:33,898 - __main__ - INFO - Starting analysis of directory: data
2025-11-01 22:49:33,898 - __main__ - INFO - Found 10 PGN files
2025-11-01 22:49:33,898 - __main__ - INFO - Parsing Coach1200_vs_v7p3r_20251023.pgn...
2025-11-01 22:49:33,907 - __main__ - INFO - Parsing lichess_pgn_2021.01.16_HenrikofSweden_vs_v7p3r.0sYPB1Tj.pgn...
2025-11-01 22:49:33,913 - __main__ - INFO - Parsing lichess_pgn_2021.02.04_v7p3r_vs_jfft.ZVEL8xeM.pgn...
2025-11-01 22:49:33,916 - __main__ - INFO - Parsing lichess_pgn_2021.02.07_Ethan-C_vs_v7p3r.2yjfqtls.pgn...
2025-11-01 22:49:33,922 - __main__ - INFO - Parsing lichess_pgn_2025.10.21_v7p3r_vs_lichess_AI_level_3.1mofC31p.pgn...
2025-11-01 22:49:33,933 - __main__ - INFO - Parsing lichess_pgn_2025.10.29_v7p3r_vs_v7p3r_bot.SRG12jXg.pgn...
2025-11-01 22:49:33,940 - __main__ - INFO - Parsing lichess_v7p3r_2025-10-02.pgn...
2025-11-01 22:49:35,363 - __main__ - INFO - Parsing v7p3r vs Coach1200_20251021.pgn...
2025-11-01 22:49:35,374 - __main__ - INFO - Parsing v7p3r_20250530.pgn...
2025-11-01 22:49:38,853 - __main__ - INFO - Parsing v7p3r_vs_pat314_2021.01.02.pgn...
2025-11-01 22:49:38,859 - __main__ - INFO - Parsed 956 total games
2025-11-01 22:49:38,859 - __main__ - INFO - Found 954 games where v7p3r played
2025-11-01 22:49:38,859 - __main__ - INFO - Limited analysis to 50 most recent games
2025-11-01 22:49:38,860 - __main__ - INFO - Starting Stockfish analysis...
2025-11-01 22:49:38,860 - analyzers.performance_calculator - INFO - Analyzing game 1/50: DrummerX09 vs v7p3r
2025-11-01 22:49:39,061 - analyzers.stockfish_analyzer - ERROR - Error evaluating move d7d5: san() and lan() expect move to be legal or null, but got d7d5 in rnbqkbnr/ppp1pppp/8/3p4/4P3/8/PPPP1PPP/RNBQKBNR w KQkq - 0 2
2025-11-01 22:49:40,247 - analyzers.stockfish_analyzer - ERROR - Error evaluating move f8b4: san() and lan() expect move to be legal or null, but got f8b4 in rn2k2r/pp3pp1/2p2p1p/q7/1b1P2b1/2N5/PPPNBPPP/R2QK2R w KQkq - 2 10
2025-11-01 22:49:40,455 - analyzers.performance_calculator - INFO - Analyzing game 2/50: v7p3r vs handsomestripeycat
2025-11-01 22:49:40,975 - analyzers.stockfish_analyzer - ERROR - Error evaluating move f1c4: san() and lan() expect move to be legal or null, but got f1c4 in rnbqkbnr/pp1p1ppp/2p1p3/8/2B1P3/2N5/PPPP1PPP/R1BQK1NR b KQkq - 1 3
2025-11-01 22:49:41,280 - analyzers.stockfish_analyzer - ERROR - Error evaluating move d2d3: san() and lan() expect move to be legal or null, but got d2d3 in rnbqk1nr/pp1p1ppp/2p1p3/8/1bB1P3/2NP4/PPP2PPP/R1BQK1NR b KQkq - 0 4
2025-11-01 22:49:41,441 - analyzers.stockfish_analyzer - ERROR - Error evaluating move a1b1: san() and lan() expect move to be legal or null, but got a1b1 in rnbqk2r/pp1p1ppp/2p1pn2/8/2B1P3/2PP4/P1P2PPP/1RBQK1NR b Kkq - 2 6
2025-11-01 22:49:41,762 - analyzers.stockfish_analyzer - ERROR - Error evaluating move h2h3: san() and lan() expect move to be legal or null, but got h2h3 in rnbq1rk1/pp3ppp/2p1pn2/3p4/4P3/1BPP3P/P1P2PP1/1RBQK1NR b K - 0 8
2025-11-01 22:49:41,873 - analyzers.stockfish_analyzer - ERROR - Error evaluating move d3e4: san() and lan() expect move to be legal or null, but got d3e4 in rnbq1rk1/pp3ppp/2p1pn2/8/4P3/1BP4P/P1P2PP1/1RBQK1NR b K - 0 9
2025-11-01 22:49:41,966 - analyzers.stockfish_analyzer - ERROR - Error evaluating move d1e2: san() and lan() expect move to be legal or null, but got d1e2 in rnb2rk1/pp3ppp/2p1p3/8/4n3/1BP4P/P1P1KPP1/1RB3NR b - - 1 11
2025-11-01 22:49:42,025 - analyzers.stockfish_analyzer - ERROR - Error evaluating move g1f3: san() and lan() expect move to be legal or null, but got g1f3 in rnb2rk1/p4ppp/1pp1p3/8/4n3/1BP2N1P/P1P1KPP1/1RB4R b - - 1 12
2025-11-01 22:49:42,284 - analyzers.stockfish_analyzer - ERROR - Error evaluating move h1d1: san() and lan() expect move to be legal or null, but got h1d1 in rn3rk1/p5pp/bpp1p3/5p2/4n3/1BP1KN1P/P1P2PP1/1RBR4 b - - 1 14
2025-11-01 22:49:42,436 - analyzers.stockfish_analyzer - ERROR - Error evaluating move d1d3: san() and lan() expect move to be legal or null, but got d1d3 in rn3rk1/p6p/bpp1p3/5pp1/4n3/1BPRKN1P/P1P2PP1/1RB5 b - - 1 15
2025-11-01 22:49:43,140 - analyzers.stockfish_analyzer - ERROR - Error evaluating move e6f5: san() and lan() expect move to be legal or null, but got e6f5 in rn6/p5kp/bp6/2p2BN1/5p2/2n4P/P1P2PP1/R3K3 b - - 2 24
2025-11-01 22:49:43,334 - analyzers.stockfish_analyzer - ERROR - Error evaluating move c7a8: san() and lan() expect move to be legal or null, but got c7a8 in Nn6/p7/bp5p/2p2k2/5p2/2n4P/P1P2PP1/R3K3 b - - 0 27
2025-11-01 22:49:43,496 - analyzers.stockfish_analyzer - ERROR - Error evaluating move e1d2: san() and lan() expect move to be legal or null, but got e1d2 in 1n6/p1N5/1p5p/2p2k2/P4p2/2n4b/2PK1P2/R7 b - - 1 30
2025-11-01 22:49:43,599 - analyzers.stockfish_analyzer - ERROR - Error evaluating move a1h1: san() and lan() expect move to be legal or null, but got a1h1 in 1n6/p1N5/1p5p/2p2k2/P3np2/7b/2P1K3/7R b - - 3 33
2025-11-01 22:49:43,754 - analyzers.performance_calculator - INFO - Analyzing game 3/50: v7p3r vs dedavy
2025-11-01 22:49:44,562 - analyzers.stockfish_analyzer - ERROR - Error evaluating move f2f4: san() and lan() expect move to be legal or null, but got f2f4 in r1bqk2r/pppp1ppp/2n2n2/4p3/1bB1PP2/2NP4/PPP3PP/R1BQK1NR b KQkq - 0 5
2025-11-01 22:49:45,027 - analyzers.stockfish_analyzer - ERROR - Error evaluating move f4f5: san() and lan() expect move to be legal or null, but got f4f5 in r1bq1rk1/ppp2ppp/2np1n2/4pP2/2B1P3/2PP1N2/P1P3PP/R1BQK2R b KQ - 0 8
2025-11-01 22:49:45,402 - analyzers.stockfish_analyzer - ERROR - Error evaluating move a1b1: san() and lan() expect move to be legal or null, but got a1b1 in r1bq1rk1/pp3ppp/3p1n2/n1p1pP2/4P3/1BPP1N2/P1P3PP/1RBQK2R b K - 1 10
2025-11-01 22:49:46,045 - analyzers.stockfish_analyzer - ERROR - Error evaluating move c3c4: san() and lan() expect move to be legal or null, but got c3c4 in 1rbq1rk1/5ppp/p2p1n2/np2pPB1/2P1P3/PP1P1N2/6PP/1R1Q1RK1 b - - 0 15
2025-11-01 22:49:46,150 - analyzers.stockfish_analyzer - ERROR - Error evaluating move c4b5: san() and lan() expect move to be legal or null, but got c4b5 in 1r1q1rk1/3b1ppp/p2p1n2/nP2pPB1/4P3/PP1P1N2/6PP/1R1Q1RK1 b - - 0 16
2025-11-01 22:49:46,289 - analyzers.stockfish_analyzer - ERROR - Error evaluating move a3a4: san() and lan() expect move to be legal or null, but got a3a4 in 1r1q1rk1/3b1ppp/3p1n2/np2pPB1/P3P3/1P1P1N2/6PP/1R1Q1RK1 b - - 0 17
2025-11-01 22:49:46,423 - analyzers.stockfish_analyzer - ERROR - Error evaluating move d1e2: san() and lan() expect move to be legal or null, but got d1e2 in 3q1rk1/3b1ppp/2np1n2/1r2pPB1/4P3/1P1P1N2/4Q1PP/1R3RK1 b - - 1 19
2025-11-01 22:49:46,551 - analyzers.stockfish_analyzer - ERROR - Error evaluating move b3b4: san() and lan() expect move to be legal or null, but got b3b4 in 5rk1/3b1ppp/1q1p1n2/1r3PB1/1P1pP3/8/4Q1PP/1R3RK1 b - - 0 22
2025-11-01 22:49:46,615 - analyzers.stockfish_analyzer - ERROR - Error evaluating move b1f1: san() and lan() expect move to be legal or null, but got b1f1 in 5rk1/3b1ppp/3p4/1r3PB1/1P2n3/3p4/5RPP/5RK1 b - - 1 25
2025-11-01 22:49:46,658 - analyzers.stockfish_analyzer - ERROR - Error evaluating move f5f6: san() and lan() expect move to be legal or null, but got f5f6 in 5rk1/3b1ppp/3p1P2/6B1/1r6/3p4/5RPP/6K1 b - - 0 27
2025-11-01 22:49:46,751 - analyzers.stockfish_analyzer - ERROR - Error evaluating move g2g3: san() and lan() expect move to be legal or null, but got g2g3 in 6k1/3b1p1p/3p1B2/8/1r5P/3p2P1/5R1K/1r6 b - - 0 31
2025-11-01 22:49:46,808 - analyzers.stockfish_analyzer - ERROR - Error evaluating move f2g2: san() and lan() expect move to be legal or null, but got f2g2 in 6k1/3b1p1p/3p1B2/8/1r5P/3p2P1/1r4RK/8 b - - 2 32
2025-11-01 22:49:46,981 - analyzers.stockfish_analyzer - ERROR - Error evaluating move f4f5: san() and lan() expect move to be legal or null, but got f4f5 in 6k1/5p1p/2b5/5KP1/3p3P/8/3r4/8 b - - 1 40
2025-11-01 22:49:47,083 - analyzers.stockfish_analyzer - ERROR - Error evaluating move f4e3: san() and lan() expect move to be legal or null, but got f4e3 in 6k1/5p1p/8/6P1/7P/3pK3/7r/3b4 b - - 5 44
2025-11-01 22:49:47,141 - analyzers.performance_calculator - INFO - Analyzing game 4/50: v7p3r vs Salahdetp
2025-11-01 22:49:48,161 - analyzers.stockfish_analyzer - ERROR - Error evaluating move f2f4: san() and lan() expect move to be legal or null, but got f2f4 in rnbqk1nr/1pp2pbp/p2pp1p1/8/2BPPP2/2N1B3/PPP3PP/R2QK1NR b KQkq - 0 6
2025-11-01 22:49:48,647 - analyzers.stockfish_analyzer - ERROR - Error evaluating move e4e5: san() and lan() expect move to be legal or null, but got e4e5 in rn1qk1nr/1bp2pbp/p2pp1p1/1p2P3/3P1P2/1BN1B3/PPP3PP/R2QK1NR b KQkq - 0 8
2025-11-01 22:49:48,948 - analyzers.stockfish_analyzer - ERROR - Error evaluating move d1d3: san() and lan() expect move to be legal or null, but got d1d3 in rn1qk2r/1bp1npbp/p3p1p1/1p1pP3/3P1P2/1BNQBN2/PPP3PP/R3K2R b KQkq - 3 10
2025-11-01 22:49:49,352 - analyzers.stockfish_analyzer - ERROR - Error evaluating move c1b1: san() and lan() expect move to be legal or null, but got c1b1 in r2q1rk1/1bpnnpbp/p3p1p1/1p1pP3/3P1P2/1BNQBN2/PPP3PP/1K1R3R b - - 7 12
2025-11-01 22:49:49,799 - analyzers.stockfish_analyzer - ERROR - Error evaluating move a2a3: san() and lan() expect move to be legal or null, but got a2a3 in r4rk1/1bqnnpbp/p3p1p1/1pppP3/3P1PPP/PBNQBN2/1PP5/1K1R3R b - - 0 15
2025-11-01 22:49:50,839 - analyzers.stockfish_analyzer - ERROR - Error evaluating move h5h6: san() and lan() expect move to be legal or null, but got h5h6 in r3r1k1/1bqnnpbp/4p1pP/pp1pP3/3P1PP1/PPN1BN2/1P6/1K1R1Q1R b - - 0 19
2025-11-01 22:49:51,075 - analyzers.stockfish_analyzer - ERROR - Error evaluating move c3e2: san() and lan() expect move to be legal or null, but got c3e2 in r3rbk1/1bqnnp1p/4p1pP/p2pP1N1/1p1P1PP1/PP2B3/1P2N3/1K1R1Q1R b - - 1 21
2025-11-01 22:49:51,262 - analyzers.stockfish_analyzer - ERROR - Error evaluating move g4g5: san() and lan() expect move to be legal or null, but got g4g5 in r3rb2/2qnnp1k/b3p1pP/p2pP1P1/1p1P1P2/PP2B3/1P2N3/1K1R1Q1R b - - 0 23
2025-11-01 22:49:51,515 - analyzers.stockfish_analyzer - ERROR - Error evaluating move h1h2: san() and lan() expect move to be legal or null, but got h1h2 in r3rbn1/2qn1p1k/4p1pP/p2pP1P1/3P1P2/PP2B3/4Q2R/1K1R4 b - - 2 26
2025-11-01 22:49:51,613 - analyzers.stockfish_analyzer - ERROR - Error evaluating move f4f5: san() and lan() expect move to be legal or null, but got f4f5 in r3rbn1/3n1p1k/4p1pP/p2pPPP1/3P4/PPq1B3/4Q2R/1K1R4 b - - 0 27
2025-11-01 22:49:51,703 - analyzers.stockfish_analyzer - ERROR - Error evaluating move e2a2: san() and lan() expect move to be legal or null, but got e2a2 in r3r1n1/3n1p1k/4p1pP/p2pPPP1/3P4/bPq1B3/Q6R/1K1R4 b - - 1 28
2025-11-01 22:49:51,767 - analyzers.stockfish_analyzer - ERROR - Error evaluating move h2h1: san() and lan() expect move to be legal or null, but got h2h1 in r3r1n1/3n1p1k/6pP/p2pPpP1/3P4/QP2q3/8/1K1R3R b - - 1 30
2025-11-01 22:49:51,839 - analyzers.stockfish_analyzer - ERROR - Error evaluating move d1d2: san() and lan() expect move to be legal or null, but got d1d2 in r3r1n1/3n1p1k/6pP/3pPpP1/3P4/1p6/3R4/1K2R3 b - - 1 33
2025-11-01 22:49:51,864 - analyzers.stockfish_analyzer - ERROR - Error evaluating move d2b2: san() and lan() expect move to be legal or null, but got d2b2 in rr4n1/3n1p1k/6pP/3pPpP1/3P4/1p6/1R6/1K2R3 b - - 3 34
2025-11-01 22:49:51,885 - analyzers.stockfish_analyzer - ERROR - Error evaluating move e1c1: san() and lan() expect move to be legal or null, but got e1c1 in 1r4n1/3n1p1k/6pP/3pPpP1/3P4/rp6/1R6/1KR5 b - - 5 35
2025-11-01 22:49:51,991 - analyzers.stockfish_analyzer - ERROR - Error evaluating move b7b6: san() and lan() expect move to be legal or null, but got b7b6 in r5n1/5p1k/1R4pP/3pPpP1/3P4/rp6/1R6/1K6 b - - 0 38
2025-11-01 22:49:51,991 - analyzers.performance_calculator - INFO - Analyzing game 5/50: Milob1 vs v7p3r
2025-11-01 22:49:54,272 - analyzers.stockfish_analyzer - ERROR - Error evaluating move c7c5: san() and lan() expect move to be legal or null, but got c7c5 in r2q1rk1/pp1n1pbp/6p1/2p1p1Nn/7P/2N1P3/PPP2PPB/R2QK2R w KQ - 0 13
2025-11-01 22:49:55,234 - analyzers.stockfish_analyzer - ERROR - Error evaluating move c5c4: san() and lan() expect move to be legal or null, but got c5c4 in 1r1q1rk1/p2n1pbp/6p1/3Rp1Nn/1pp1N2P/4PQ2/PPP2PPB/2K4R w - - 0 17
2025-11-01 22:49:55,476 - analyzers.stockfish_analyzer - ERROR - Error evaluating move b4b3: san() and lan() expect move to be legal or null, but got b4b3 in 3q1rk1/pr1n1p1p/3R1bp1/4p1Nn/2p4P/1p2PQ2/PPP2PPB/2KR4 w - - 0 20
2025-11-01 22:49:55,595 - analyzers.stockfish_analyzer - ERROR - Error evaluating move f6e7: san() and lan() expect move to be legal or null, but got f6e7 in 3q1rk1/pr1nbp1p/3R2p1/4p1Nn/2p4P/2P1PQ2/pP1K1PPB/3R4 w - - 2 22
2025-11-01 22:49:55,710 - analyzers.performance_calculator - INFO - Analyzing game 6/50: happyjack1955 vs v7p3r
2025-11-01 22:49:56,407 - analyzers.stockfish_analyzer - ERROR - Error evaluating move b8c6: san() and lan() expect move to be legal or null, but got b8c6 in r1bqk2r/ppp2ppp/2n1pn2/3p2B1/1b1P4/2N2NP1/PPP1PP1P/R2QKB1R w KQkq - 1 6
2025-11-01 22:49:56,850 - analyzers.stockfish_analyzer - ERROR - Error evaluating move a5b6: san() and lan() expect move to be legal or null, but got a5b6 in r1bq1rk1/ppp2ppp/1bn1pn2/3p2B1/3P4/P1N2NP1/1PP1PPBP/R2Q1RK1 w - - 1 9
2025-11-01 22:49:57,166 - analyzers.stockfish_analyzer - ERROR - Error evaluating move c8d7: san() and lan() expect move to be legal or null, but got c8d7 in r2q1rk1/1ppb1ppp/1bn1pn2/p2p2B1/3P4/P1N1PNP1/1PP2PBP/R2QR1K1 w - - 2 11
2025-11-01 22:49:57,642 - analyzers.stockfish_analyzer - ERROR - Error evaluating move e6e5: san() and lan() expect move to be legal or null, but got e6e5 in r2q1rk1/bppbnp1p/5p2/p2pp3/N2PP3/P1P2NP1/1P3PBP/R2QR1K1 w - - 0 15
2025-11-01 22:49:57,950 - analyzers.stockfish_analyzer - ERROR - Error evaluating move f6f5: san() and lan() expect move to be legal or null, but got f6f5 in r2q1rk1/bppb1p1p/8/p2npp2/N2PR3/P1P2NP1/1P3PBP/R2Q2K1 w - - 0 17
2025-11-01 22:49:57,997 - analyzers.stockfish_analyzer - ERROR - Error evaluating move f8e8: san() and lan() expect move to be legal or null, but got f8e8 in r2qr1k1/bppb1p1p/8/p2nRp2/N2P4/P1P2NP1/1P3PBP/R2Q2K1 w - - 1 18
2025-11-01 22:49:58,074 - analyzers.stockfish_analyzer - ERROR - Error evaluating move d8e7: san() and lan() expect move to be legal or null, but got d8e7 in r3r1k1/2pbqp1p/8/ppPR1p2/8/P1P2NP1/1P3PBP/R2Q2K1 w - - 1 21
2025-11-01 22:49:58,158 - analyzers.stockfish_analyzer - ERROR - Error evaluating move c7c6: san() and lan() expect move to be legal or null, but got c7c6 in 3r1qk1/5p1p/2p5/ppP2p1Q/3N4/P1P3P1/1P3PBP/R5K1 w - - 0 25
2025-11-01 22:49:58,190 - analyzers.stockfish_analyzer - ERROR - Error evaluating move d8d2: san() and lan() expect move to be legal or null, but got d8d2 in 5q1k/5p1p/2N5/ppP2pQ1/8/P1P3P1/1P1r1PBP/R5K1 w - - 1 27
2025-11-01 22:49:58,211 - analyzers.stockfish_analyzer - ERROR - Error evaluating move f8c5: san() and lan() expect move to be legal or null, but got f8c5 in 7k/5p1p/2N5/ppq2p2/8/P1P3P1/1P1Q1PBP/R5K1 w - - 0 28
2025-11-01 22:49:58,235 - analyzers.stockfish_analyzer - ERROR - Error evaluating move c5e5: san() and lan() expect move to be legal or null, but got c5e5 in 3N3k/5p1p/8/pp2qp2/8/P1P3P1/1P1Q1PBP/R5K1 w - - 2 29
2025-11-01 22:49:58,287 - analyzers.performance_calculator - INFO - Analyzing game 7/50: v7p3r vs JohnRobertNelson
2025-11-01 22:50:00,147 - analyzers.stockfish_analyzer - ERROR - Error evaluating move f2f3: san() and lan() expect move to be legal or null, but got f2f3 in rnbq1rk1/1p3ppp/2pb4/p7/2BNp3/4BP2/PPPQ2PP/R3K2R b KQ - 0 11
2025-11-01 22:50:00,914 - analyzers.stockfish_analyzer - ERROR - Error evaluating move c1b1: san() and lan() expect move to be legal or null, but got c1b1 in r2r2k1/1p4pp/n1p1p3/8/1pB5/4BP2/PPP4P/1K4R1 b - - 3 18
2025-11-01 22:50:01,546 - analyzers.performance_calculator - INFO - Analyzing game 8/50: krnlpn1c vs v7p3r
2025-11-01 22:50:01,686 - analyzers.stockfish_analyzer - ERROR - Error evaluating move d7d5: san() and lan() expect move to be legal or null, but got d7d5 in rnbqkbnr/ppp1pppp/8/3p4/4P3/8/PPPP1PPP/RNBQKBNR w KQkq - 0 2
2025-11-01 22:50:02,166 - analyzers.stockfish_analyzer - ERROR - Error evaluating move a7a6: san() and lan() expect move to be legal or null, but got a7a6 in rnb1kbnr/1pp1pppp/p7/1N6/1q6/8/P1PP1PPP/R1BQKBNR w KQkq - 0 6
2025-11-01 22:50:02,390 - analyzers.stockfish_analyzer - ERROR - Error evaluating move g7g6: san() and lan() expect move to be legal or null, but got g7g6 in Nnb1kb1r/1p3p1p/p2q1np1/Q3p3/2B5/2P5/P2P1PPP/R1B1K1NR w KQ - 0 12
2025-11-01 22:50:02,504 - analyzers.stockfish_analyzer - ERROR - Error evaluating move f8d6: san() and lan() expect move to be legal or null, but got f8d6 in 2b4r/1pk2p1p/p1nb1np1/4p3/2B5/2P5/P2P1PPP/R1Q1K1NR w KQ - 2 17
2025-11-01 22:50:02,536 - analyzers.stockfish_analyzer - ERROR - Error evaluating move h8f8: san() and lan() expect move to be legal or null, but got h8f8 in 2b2r2/1pk2p1p/p1nb1np1/4p3/2B5/2P2N2/P2P1PPP/R1Q1K2R w KQ - 4 18
2025-11-01 22:50:02,642 - analyzers.stockfish_analyzer - ERROR - Error evaluating move h7h5: san() and lan() expect move to be legal or null, but got h7h5 in 1kb2r2/1p3N2/p1n3p1/7p/2B1p1n1/2P5/P2P1PP1/R1Q2RK1 w - - 0 23
2025-11-01 22:50:02,666 - analyzers.stockfish_analyzer - ERROR - Error evaluating move e4e3: san() and lan() expect move to be legal or null, but got e4e3 in 1kb2r2/1p3N2/p1n3p1/7p/2B3n1/Q1P1p3/P2P1PP1/R4RK1 w - - 0 24
2025-11-01 22:50:02,689 - analyzers.stockfish_analyzer - ERROR - Error evaluating move f8h8: san() and lan() expect move to be legal or null, but got f8h8 in 1kb4r/1p3N2/p1n3p1/7p/2B3n1/Q1P1P3/P2P2P1/R4RK1 w - - 1 25
2025-11-01 22:50:02,747 - analyzers.stockfish_analyzer - ERROR - Error evaluating move h4h3: san() and lan() expect move to be legal or null, but got h4h3 in k1b4N/1p6/p2Q2p1/3Bn3/6n1/2P1P2p/P2P2P1/1R3RK1 w - - 0 29
2025-11-01 22:50:02,764 - analyzers.stockfish_analyzer - ERROR - Error evaluating move g4e3: san() and lan() expect move to be legal or null, but got g4e3 in k1b4N/1p6/p2Q2p1/3Bn3/8/2P1n2P/P2P4/1R3RK1 w - - 0 30
2025-11-01 22:50:02,776 - analyzers.stockfish_analyzer - ERROR - Error evaluating move c8h3: san() and lan() expect move to be legal or null, but got c8h3 in k6N/1p6/p2Q2p1/3Bn3/8/2P1P2b/P7/1R3RK1 w - - 0 31
2025-11-01 22:50:02,785 - analyzers.performance_calculator - INFO - Analyzing game 9/50: v7p3r vs Alhyaly5
2025-11-01 22:50:04,502 - analyzers.stockfish_analyzer - ERROR - Error evaluating move f5h6: san() and lan() expect move to be legal or null, but got f5h6 in r1bqnrk1/pppp1pp1/2nb3N/8/2B1P3/2N5/PPP2PPP/R1BQ1RK1 b - - 0 9
2025-11-01 22:50:04,730 - analyzers.stockfish_analyzer - ERROR - Error evaluating move c1h6: san() and lan() expect move to be legal or null, but got c1h6 in r1bqnrk1/pppp1p2/2nb3B/8/2B1P3/2N5/PPP2PPP/R2Q1RK1 b - - 0 10
2025-11-01 22:50:05,719 - analyzers.stockfish_analyzer - ERROR - Error evaluating move c3a4: san() and lan() expect move to be legal or null, but got c3a4 in r1bq1r2/ppppkp2/2nb4/8/N1B1PPQ1/8/PPP3PP/R4RK1 b - - 2 14
2025-11-01 22:50:06,483 - analyzers.stockfish_analyzer - ERROR - Error evaluating move a4c3: san() and lan() expect move to be legal or null, but got a4c3 in r1bq1r2/2p1kp2/p2p4/1p2n3/2B3Q1/P1N5/1PP3PP/4RRK1 b - - 1 19
2025-11-01 22:50:06,545 - analyzers.stockfish_analyzer - ERROR - Error evaluating move d5f6: san() and lan() expect move to be legal or null, but got d5f6 in r2q1r2/2pk1p2/p2p1N2/1p2n3/2B3b1/P7/1PP3PP/4RRK1 b - - 3 21
2025-11-01 22:50:06,590 - analyzers.stockfish_analyzer - ERROR - Error evaluating move c4e2: san() and lan() expect move to be legal or null, but got c4e2 in r2q1r2/2p2p2/p1kp1N2/1p2n3/6b1/P7/1PP1B1PP/4RRK1 b - - 5 22
2025-11-01 22:50:06,636 - analyzers.stockfish_analyzer - ERROR - Error evaluating move f1d1: san() and lan() expect move to be legal or null, but got f1d1 in r1q2r2/2p2p2/p1kp1N2/1p2n3/8/P7/1PP1R1PP/3R2K1 b - - 2 24
2025-11-01 22:50:06,803 - analyzers.stockfish_analyzer - ERROR - Error evaluating move c2c3: san() and lan() expect move to be legal or null, but got c2c3 in r7/1kp2p2/p2p4/1p2n3/1N2q3/P1P4P/1P3RP1/6K1 b - - 0 31
2025-11-01 22:50:06,853 - analyzers.stockfish_analyzer - ERROR - Error evaluating move g2g4: san() and lan() expect move to be legal or null, but got g2g4 in r7/1k3p2/pq1p4/1pp1n3/3N2P1/P1P4P/1P3R2/6K1 b - - 0 34
2025-11-01 22:50:06,889 - analyzers.stockfish_analyzer - ERROR - Error evaluating move h3h4: san() and lan() expect move to be legal or null, but got h3h4 in r7/1k3p2/pq1p4/1p2n1P1/7P/P1p5/1P3R2/6K1 b - - 0 36
2025-11-01 22:50:06,925 - analyzers.stockfish_analyzer - ERROR - Error evaluating move f2g2: san() and lan() expect move to be legal or null, but got f2g2 in 7r/1k3p2/pq1p4/1p2n1P1/7P/P7/1p4R1/5K2 b - - 1 38
2025-11-01 22:50:06,926 - analyzers.performance_calculator - INFO - Analyzing game 10/50: brokenbrokebroker vs v7p3r
2025-11-01 22:50:07,067 - analyzers.stockfish_analyzer - ERROR - Error evaluating move d7d5: san() and lan() expect move to be legal or null, but got d7d5 in rnbqkbnr/ppp1pppp/8/3p4/4P3/8/PPPP1PPP/RNBQKBNR w KQkq - 0 2
2025-11-01 22:50:07,911 - analyzers.stockfish_analyzer - ERROR - Error evaluating move c8g4: san() and lan() expect move to be legal or null, but got c8g4 in rn2kb1r/pp2pppp/2p2n2/q7/2B3b1/2NP4/PPPB1PPP/R2QK1NR w KQkq - 3 7
2025-11-01 22:50:08,146 - analyzers.stockfish_analyzer - ERROR - Error evaluating move e7e6: san() and lan() expect move to be legal or null, but got e7e6 in rn2kb1r/pp3ppp/4pn2/B2p3b/2B5/3P1P2/PPP3PP/R2QK1NR w KQkq - 0 10
2025-11-01 22:50:08,184 - analyzers.stockfish_analyzer - ERROR - Error evaluating move d5d4: san() and lan() expect move to be legal or null, but got d5d4 in r3kb1r/pp1n1ppp/4pn2/BB5b/3p4/3P1P2/PPP1Q1PP/R3K1NR w KQkq - 0 12
2025-11-01 22:50:08,202 - analyzers.stockfish_analyzer - ERROR - Error evaluating move e6e5: san() and lan() expect move to be legal or null, but got e6e5 in r3kb1r/pp1n1ppp/5n2/BB2p2b/3p4/3P1P2/PPP1Q1PP/2KR2NR w kq - 0 13
2025-11-01 22:50:08,282 - analyzers.stockfish_analyzer - ERROR - Error evaluating move b7b6: san() and lan() expect move to be legal or null, but got b7b6 in r4rk1/p2Q1ppp/1p6/B5bb/8/3P1P2/PPP3PP/1K1R2NR w - - 0 18
2025-11-01 22:50:08,350 - analyzers.stockfish_analyzer - ERROR - Error evaluating move a8b8: san() and lan() expect move to be legal or null, but got a8b8 in 1r1r2k1/p4pp1/1p4bp/1Q4b1/1B4P1/3P1P2/PPP4P/1K1R2NR w - - 3 22
2025-11-01 22:50:08,369 - analyzers.stockfish_analyzer - ERROR - Error evaluating move a7a5: san() and lan() expect move to be legal or null, but got a7a5 in 1r1r2k1/5pp1/1p4bp/pQ4b1/1B4P1/3P1P1N/PPP4P/1K1R3R w - - 0 23
2025-11-01 22:50:08,391 - analyzers.stockfish_analyzer - ERROR - Error evaluating move d8e8: san() and lan() expect move to be legal or null, but got d8e8 in 1r2r1k1/5pp1/1p4bp/pQ4b1/6P1/3P1P1N/PPPB3P/1K1R3R w - - 2 24
2025-11-01 22:50:08,424 - analyzers.stockfish_analyzer - ERROR - Error evaluating move f7f6: san() and lan() expect move to be legal or null, but got f7f6 in 1r2r1k1/6p1/1p3pb1/pQ4N1/6P1/3P1P2/PPP4P/1K1R3R w - - 0 26
2025-11-01 22:50:08,448 - analyzers.stockfish_analyzer - ERROR - Error evaluating move e8f8: san() and lan() expect move to be legal or null, but got e8f8 in 1r3rk1/6p1/1p3pb1/pQ6/4N1P1/3P1P2/PPP4P/1K1R3R w - - 2 27
2025-11-01 22:50:08,518 - analyzers.stockfish_analyzer - ERROR - Error evaluating move f5g4: san() and lan() expect move to be legal or null, but got f5g4 in 1r3rk1/5b2/1p3p2/pQ5P/6p1/3P1P2/PPP5/1K1R3R w - - 0 32
2025-11-01 22:50:08,546 - analyzers.stockfish_analyzer - ERROR - Error evaluating move f7e8: san() and lan() expect move to be legal or null, but got f7e8 in 1r2brk1/8/1p3p2/pQ5P/6p1/3P1P2/PPP5/1K1R2R1 w - - 2 33
2025-11-01 22:50:08,599 - analyzers.stockfish_analyzer - ERROR - Error evaluating move e8f7: san() and lan() expect move to be legal or null, but got e8f7 in 1r3r1k/5b2/1p3p2/p4Q1P/6R1/3P1P2/PPP5/1K4R1 w - - 5 36
2025-11-01 22:50:08,602 - analyzers.performance_calculator - INFO - Analyzing game 11/50: v7p3r vs nonsens387
2025-11-01 22:50:09,571 - analyzers.stockfish_analyzer - ERROR - Error evaluating move f2f3: san() and lan() expect move to be legal or null, but got f2f3 in r1bqkbnr/pppp2pp/2n5/4p3/2B1Pp2/2NP1P2/PPP3PP/R1BQK1NR b KQkq - 0 5
2025-11-01 22:50:10,200 - analyzers.stockfish_analyzer - ERROR - Error evaluating move d3d4: san() and lan() expect move to be legal or null, but got d3d4 in r1bqkb1r/ppp3pp/3p4/n2Pp3/3P1p2/2N2P2/PPP1N1PP/R1BQK2R b KQkq - 0 9
2025-11-01 22:50:10,623 - analyzers.stockfish_analyzer - ERROR - Error evaluating move h1g1: san() and lan() expect move to be legal or null, but got h1g1 in r1b1kb1r/ppp3pp/3p4/n2P4/3N3q/2N2Pp1/PPP4P/R1BQK1R1 b Qkq - 1 12
2025-11-01 22:50:10,746 - analyzers.stockfish_analyzer - ERROR - Error evaluating move e2g1: san() and lan() expect move to be legal or null, but got e2g1 in r1b1kb1r/ppp3pp/3p4/3P4/8/2NK1n2/PPP2q2/R1BQ2N1 b kq - 0 18
2025-11-01 22:50:10,955 - analyzers.stockfish_analyzer - ERROR - Error evaluating move h8h1: san() and lan() expect move to be legal or null, but got h8h1 in 2kr1b2/pp6/2pp2p1/2qP1bp1/8/PKN5/1PP5/R5nQ b - - 2 26
2025-11-01 22:50:11,006 - analyzers.stockfish_analyzer - ERROR - Error evaluating move h1h3: san() and lan() expect move to be legal or null, but got h1h3 in 2kr1b2/pp6/3p2p1/2qp2p1/P3b3/1KN4Q/1PP5/R5n1 b - - 2 28
2025-11-01 22:50:11,026 - analyzers.stockfish_analyzer - ERROR - Error evaluating move c3b5: san() and lan() expect move to be legal or null, but got c3b5 in 2kr1b2/pp6/3p2p1/1Nqp2p1/P3b3/1K5n/1PP5/R7 b - - 1 29
2025-11-01 22:50:11,074 - analyzers.performance_calculator - INFO - Analyzing game 12/50: KevSev0206 vs v7p3r
2025-11-01 22:50:11,981 - analyzers.stockfish_analyzer - ERROR - Error evaluating move f8d6: san() and lan() expect move to be legal or null, but got f8d6 in r2qk2r/pp1n1ppp/2pbpn2/3p1b2/3P1B2/2NBPN2/PPP2PPP/R2Q1RK1 w kq - 2 8
2025-11-01 22:50:12,135 - analyzers.stockfish_analyzer - ERROR - Error evaluating move d6e5: san() and lan() expect move to be legal or null, but got d6e5 in r2qk2r/pp1n1ppp/2p1pn2/3pbb2/3P1B2/2NBP3/PPP2PPP/R2Q1RK1 w kq - 0 9
2025-11-01 22:50:12,415 - analyzers.stockfish_analyzer - ERROR - Error evaluating move d7e5: san() and lan() expect move to be legal or null, but got d7e5 in r2qk2r/pp3ppp/2p1p3/3pnb2/5Bn1/2NBP2P/PPP2PP1/R2Q1RK1 w kq - 0 11
2025-11-01 22:50:12,662 - analyzers.stockfish_analyzer - ERROR - Error evaluating move a8b8: san() and lan() expect move to be legal or null, but got a8b8 in 1r3rk1/pp2qppp/2p1p3/P2p1b2/5B2/2N1PP2/1PPQ2P1/R4RK1 w - - 1 17
2025-11-01 22:50:12,721 - analyzers.stockfish_analyzer - ERROR - Error evaluating move f8d8: san() and lan() expect move to be legal or null, but got f8d8 in 1r1r2k1/pp2qppp/2p1p3/P2p1b2/N4B2/4PP2/1PPQ2P1/R4RK1 w - - 3 18
2025-11-01 22:50:12,839 - analyzers.stockfish_analyzer - ERROR - Error evaluating move b8d8: san() and lan() expect move to be legal or null, but got b8d8 in 3r2k1/Qp2qppp/2p1p3/P2p4/N7/4PP2/1Pb3P1/R4RK1 w - - 1 21
2025-11-01 22:50:13,353 - analyzers.stockfish_analyzer - ERROR - Error evaluating move d8b8: san() and lan() expect move to be legal or null, but got d8b8 in 1r4k1/1p2qppp/1Qp1p3/P1Rp4/8/4PP2/1P4P1/5K2 w - - 1 25
2025-11-01 22:50:13,541 - analyzers.performance_calculator - INFO - Analyzing game 13/50: v7p3r vs Junior-BOT
2025-11-01 22:50:13,968 - analyzers.stockfish_analyzer - ERROR - Error evaluating move g2g3: san() and lan() expect move to be legal or null, but got g2g3 in rnb1kbnr/pppp1ppp/4p3/8/4P2q/2N3P1/PPPP1P1P/R1BQKBNR b KQkq - 0 3
2025-11-01 22:50:14,214 - analyzers.stockfish_analyzer - ERROR - Error evaluating move b2b3: san() and lan() expect move to be legal or null, but got b2b3 in rnb1kbnr/ppppqppp/4p3/8/4P3/1PN2NP1/P1PP1P1P/R1BQKB1R b KQkq - 0 5
2025-11-01 22:50:14,374 - analyzers.stockfish_analyzer - ERROR - Error evaluating move f3e5: san() and lan() expect move to be legal or null, but got f3e5 in rnbk1bnr/ppppqpp1/4p3/4N2p/3PP3/1PN3P1/P1P2P1P/R1BQKB1R b KQ - 2 7
2025-11-01 22:50:14,646 - analyzers.stockfish_analyzer - ERROR - Error evaluating move f2f4: san() and lan() expect move to be legal or null, but got f2f4 in r1bk1bnr/p1ppqpp1/2p1p3/7p/3PPP2/1PN3P1/P1P4P/R1BQKB1R b KQ - 0 9
2025-11-01 22:50:15,567 - analyzers.stockfish_analyzer - ERROR - Error evaluating move a2a4: san() and lan() expect move to be legal or null, but got a2a4 in 2bk1b1r/r1ppnpp1/1qp1p3/p4P2/P1PPP1Pp/1P5P/3BN1B1/R2Q1RK1 b - - 0 18
2025-11-01 22:50:15,761 - analyzers.stockfish_analyzer - ERROR - Error evaluating move d2c3: san() and lan() expect move to be legal or null, but got d2c3 in rqbk1b1r/2ppnp2/2p1p1p1/p1P2P2/P2PPNPp/1PB4P/6B1/R2Q1RK1 b - - 1 21
2025-11-01 22:50:15,996 - analyzers.stockfish_analyzer - ERROR - Error evaluating move a1c1: san() and lan() expect move to be legal or null, but got a1c1 in 1q1k1b1B/rbpp1p2/4p3/p1Pp1P2/P5Pp/1P5P/6B1/2RQ1RK1 b - - 1 26
2025-11-01 22:50:16,037 - analyzers.stockfish_analyzer - ERROR - Error evaluating move f5f6: san() and lan() expect move to be legal or null, but got f5f6 in 1q1k3B/rbppbp2/4pP2/p1Pp4/P5Pp/1P5P/6B1/2RQ1RK1 b - - 0 27
2025-11-01 22:50:16,138 - analyzers.stockfish_analyzer - ERROR - Error evaluating move g4g5: san() and lan() expect move to be legal or null, but got g4g5 in 1q6/rbppkpP1/4p3/p1Pp2P1/P6p/1P5P/6B1/2RQ1RK1 b - - 0 30
2025-11-01 22:50:16,194 - analyzers.stockfish_analyzer - ERROR - Error evaluating move f1f4: san() and lan() expect move to be legal or null, but got f1f4 in 2q5/rbppk1P1/4p1P1/p1Pp1p2/P4R1p/1P5P/6B1/2RQ2K1 b - - 1 32
2025-11-01 22:50:16,232 - analyzers.stockfish_analyzer - ERROR - Error evaluating move f4h4: san() and lan() expect move to be legal or null, but got f4h4 in 2q5/rbppk1P1/4p1P1/p1P2p2/P2p3R/1P5P/6B1/2RQ2K1 b - - 0 33
2025-11-01 22:50:16,263 - analyzers.stockfish_analyzer - ERROR - Error evaluating move g1g2: san() and lan() expect move to be legal or null, but got g1g2 in 2q5/r1ppk1P1/4p1P1/p1P2p2/P2p3R/1P5P/6K1/2RQ4 b - - 0 34
2025-11-01 22:50:16,299 - analyzers.stockfish_analyzer - ERROR - Error evaluating move g2f1: san() and lan() expect move to be legal or null, but got g2f1 in q7/r1ppk1P1/4p1P1/p1P2p2/P2p3R/1P5P/8/2RQ1K2 b - - 2 35
2025-11-01 22:50:16,383 - analyzers.stockfish_analyzer - ERROR - Error evaluating move h4h8: san() and lan() expect move to be legal or null, but got h4h8 in q6R/r1ppk1P1/6P1/p1P1pp2/P2p4/1P5P/8/2RQ1K2 b - - 1 36
2025-11-01 22:50:16,547 - analyzers.stockfish_analyzer - ERROR - Error evaluating move h3h4: san() and lan() expect move to be legal or null, but got h3h4 in r6R/2ppk1P1/6P1/p1P1pp2/P2p3P/1P6/6q1/1KRQ4 b - - 0 43
2025-11-01 22:50:16,620 - analyzers.stockfish_analyzer - ERROR - Error evaluating move c2d3: san() and lan() expect move to be legal or null, but got c2d3 in 4R1Q1/2pp4/5kP1/p1P1pp2/P6P/1P1K4/8/2R5 b - - 0 48
2025-11-01 22:50:16,642 - analyzers.stockfish_analyzer - ERROR - Error evaluating move f4e4: san() and lan() expect move to be legal or null, but got f4e4 in 4R1Q1/3p4/2p2kP1/p1P5/P3K2P/1P6/8/2R5 b - - 0 51
2025-11-01 22:50:16,705 - analyzers.stockfish_analyzer - ERROR - Error evaluating move h4h5: san() and lan() expect move to be legal or null, but got h4h5 in 4R3/6P1/2p5/p1Pp3P/P2K4/1P5k/4Q3/5R2 b - - 0 57
2025-11-01 22:50:16,714 - analyzers.stockfish_analyzer - ERROR - Error evaluating move h5h6: san() and lan() expect move to be legal or null, but got h5h6 in 4R3/6P1/2p4P/p1Pp4/P2K3k/1P6/4Q3/5R2 b - - 0 58
2025-11-01 22:50:16,738 - analyzers.stockfish_analyzer - ERROR - Error evaluating move h7h8q: san() and lan() expect move to be legal or null, but got h7h8q in 4R1QQ/8/2p4k/p1Pp4/P2K4/1P6/4Q3/5R2 b - - 0 61
2025-11-01 22:50:16,739 - analyzers.performance_calculator - INFO - Analyzing game 14/50: v7p3r vs Skidblidnir1995
2025-11-01 22:50:17,739 - analyzers.stockfish_analyzer - ERROR - Error evaluating move c1g5: san() and lan() expect move to be legal or null, but got c1g5 in r1bqk2r/pp1p1ppp/2nb1n2/2p1p1B1/2B1P3/2NP1N2/PPP2PPP/R2QK2R b KQkq - 2 6
2025-11-01 22:50:18,260 - analyzers.stockfish_analyzer - ERROR - Error evaluating move a1e1: san() and lan() expect move to be legal or null, but got a1e1 in r1bq1r1k/p2p1p2/1p1b1p1p/2pN4/2BpPPQ1/3P4/PPP3PP/4RRK1 b - - 3 13
2025-11-01 22:50:18,336 - analyzers.performance_calculator - INFO - Analyzing game 15/50: Sanditou vs v7p3r
2025-11-01 22:50:18,730 - analyzers.stockfish_analyzer - ERROR - Error evaluating move c8f5: san() and lan() expect move to be legal or null, but got c8f5 in rn1qkb1r/ppp1pppp/5n2/3p1b2/2PP4/4P3/PP3PPP/RNBQKBNR w KQkq - 1 4
2025-11-01 22:50:19,051 - analyzers.stockfish_analyzer - ERROR - Error evaluating move b8d7: san() and lan() expect move to be legal or null, but got b8d7 in r2qkb1r/p1pnpppp/1p3n2/2Pp1b2/3P4/1Q2P3/PP3PPP/RNB1KBNR w KQkq - 1 6
2025-11-01 22:50:19,476 - analyzers.stockfish_analyzer - ERROR - Error evaluating move d8d6: san() and lan() expect move to be legal or null, but got d8d6 in rn2kb1r/p1p1pppp/1pPq1n2/3p1b2/3P4/1Q2PN2/PP3PPP/RNB1KB1R w KQkq - 3 8
2025-11-01 22:50:19,652 - analyzers.stockfish_analyzer - ERROR - Error evaluating move b8c6: san() and lan() expect move to be legal or null, but got b8c6 in r3kb1r/p1p1pppp/1pnq1n2/3p1b2/3P4/1QN1PN2/PP3PPP/R1B1KB1R w KQkq - 0 9
2025-11-01 22:50:20,021 - analyzers.stockfish_analyzer - ERROR - Error evaluating move e7e6: san() and lan() expect move to be legal or null, but got e7e6 in r3kb1r/2p2ppp/ppnqpn2/3p1b2/Q2P4/2N1PN2/PP3PPP/R1B1KB1R w KQkq - 0 11
2025-11-01 22:50:20,235 - analyzers.stockfish_analyzer - ERROR - Error evaluating move f8b4: san() and lan() expect move to be legal or null, but got f8b4 in r3k2r/2pq1ppp/ppn1pn2/3p1b2/Qb1P4/2N1PN2/PP3PPP/R1B1KB1R w KQkq - 4 13
2025-11-01 22:50:21,055 - analyzers.stockfish_analyzer - ERROR - Error evaluating move b5b4: san() and lan() expect move to be legal or null, but got b5b4 in Q2n1rk1/2pq1ppp/1p1bpn2/3p1b2/1p1P4/P1N1PN2/1P3PPP/R1B1R1K1 w - - 0 18
2025-11-01 22:50:21,189 - analyzers.stockfish_analyzer - ERROR - Error evaluating move d6b4: san() and lan() expect move to be legal or null, but got d6b4 in Q2n1rk1/2pq1ppp/1p2pn2/3p1b2/1b1P4/2N1PN2/1P3PPP/R1B1R1K1 w - - 0 19
2025-11-01 22:50:21,588 - analyzers.stockfish_analyzer - ERROR - Error evaluating move f6e4: san() and lan() expect move to be legal or null, but got f6e4 in 5rk1/2pq1ppp/Qpn1p3/3p1b2/1b1Pn3/2N1PN2/1P1B1PPP/R3R1K1 w - - 4 21
2025-11-01 22:50:21,702 - analyzers.stockfish_analyzer - ERROR - Error evaluating move e4d2: san() and lan() expect move to be legal or null, but got e4d2 in 5rk1/2pq1ppp/Qpn1p3/3pNb2/1b1P4/2N1P3/1P1n1PPP/R3R1K1 w - - 0 22
2025-11-01 22:50:21,763 - analyzers.stockfish_analyzer - ERROR - Error evaluating move b4d6: san() and lan() expect move to be legal or null, but got b4d6 in 3r2k1/2pN1ppp/Qpnbp3/3p1b2/3P4/2N1P3/1P1n1PPP/R2R2K1 w - - 3 24
2025-11-01 22:50:21,822 - analyzers.stockfish_analyzer - ERROR - Error evaluating move h7h6: san() and lan() expect move to be legal or null, but got h7h6 in Q2n2k1/2pr1pp1/1p1bp2p/1N1p1b2/3P4/4P3/1P1R1PPP/R5K1 w - - 0 27
2025-11-01 22:50:21,913 - analyzers.stockfish_analyzer - ERROR - Error evaluating move d8c6: san() and lan() expect move to be legal or null, but got d8c6 in 1Q6/5ppk/2nrp2p/2Rp1b2/8/4P3/1P1R1PPP/6K1 w - - 3 32
2025-11-01 22:50:21,914 - analyzers.performance_calculator - INFO - Analyzing game 16/50: v7p3r vs carlospowerchess
2025-11-01 22:50:23,102 - analyzers.stockfish_analyzer - ERROR - Error evaluating move d1d2: san() and lan() expect move to be legal or null, but got d1d2 in r1bqk2r/pppp1ppp/2n5/2b1p3/2B1P1n1/2NP1N2/PPPQ1PPP/R1B1K2R b KQkq - 2 6
2025-11-01 22:50:23,727 - analyzers.stockfish_analyzer - ERROR - Error evaluating move f3g5: san() and lan() expect move to be legal or null, but got f3g5 in r1bqk2r/pppp1ppp/2n5/2b1p1N1/2B1P3/2NPn2P/PPPQ2P1/R1B1KR2 b Qkq - 2 9
2025-11-01 22:50:23,930 - analyzers.performance_calculator - INFO - Analyzing game 17/50: Nkurunzy vs v7p3r
2025-11-01 22:50:24,272 - analyzers.stockfish_analyzer - ERROR - Error evaluating move f7f5: san() and lan() expect move to be legal or null, but got f7f5 in rnbqkbnr/ppp3pp/3p4/4Pp2/4P3/8/PPP2PPP/RNBQKBNR w KQkq f6 0 4
2025-11-01 22:50:25,353 - analyzers.stockfish_analyzer - ERROR - Error evaluating move e7f6: san() and lan() expect move to be legal or null, but got e7f6 in r2qk1nr/1p5p/2pp1bp1/8/5B2/5Q2/PPb1BPPP/R3K2R w KQkq - 1 15
2025-11-01 22:50:25,446 - analyzers.stockfish_analyzer - ERROR - Error evaluating move f6b2: san() and lan() expect move to be legal or null, but got f6b2 in r2qk1nr/1p5p/2pp2p1/8/5B2/5Q2/Pbb1BPPP/R4RK1 w kq - 0 16
2025-11-01 22:50:25,791 - analyzers.stockfish_analyzer - ERROR - Error evaluating move e7f5: san() and lan() expect move to be legal or null, but got e7f5 in r2qk2r/1p5p/2pp2pB/5n2/8/5Q2/Pbb1BPPP/4RRK1 w kq - 4 18
2025-11-01 22:50:26,198 - analyzers.stockfish_analyzer - ERROR - Error evaluating move h8f8: san() and lan() expect move to be legal or null, but got h8f8 in r2qkr2/1p5p/2pp2pn/4b3/8/4RQ2/P1B2PPP/5RK1 w q - 2 21
2025-11-01 22:50:26,637 - analyzers.stockfish_analyzer - ERROR - Error evaluating move a8a2: san() and lan() expect move to be legal or null, but got a8a2 in 3qkr2/1p5Q/2pp4/4bp2/8/4R3/r4PPP/5RK1 w - - 0 24
2025-11-01 22:50:26,872 - analyzers.stockfish_analyzer - ERROR - Error evaluating move c6c5: san() and lan() expect move to be legal or null, but got c6c5 in 3qkr2/1Q6/3p4/2p1bp2/8/4R3/r4PPP/5RK1 w - - 0 25
2025-11-01 22:50:27,147 - analyzers.stockfish_analyzer - ERROR - Error evaluating move f5f4: san() and lan() expect move to be legal or null, but got f5f4 in 4kr2/3q4/3p4/2pQb3/5p2/4R3/r4PPP/5RK1 w - - 0 27
2025-11-01 22:50:27,269 - analyzers.stockfish_analyzer - ERROR - Error evaluating move a2b2: san() and lan() expect move to be legal or null, but got a2b2 in 4kr2/3q4/3p4/2pQb3/4Rp2/8/1r3PPP/5RK1 w - - 2 28
2025-11-01 22:50:27,369 - analyzers.stockfish_analyzer - ERROR - Error evaluating move f4g3: san() and lan() expect move to be legal or null, but got f4g3 in 4kr2/3q4/3p4/2pQb3/4R3/6p1/1r3P1P/5RK1 w - - 0 29
2025-11-01 22:50:27,599 - analyzers.stockfish_analyzer - ERROR - Error evaluating move b2h2: san() and lan() expect move to be legal or null, but got b2h2 in 4k3/8/3p4/2pQb3/4R3/4K1P1/7q/1r6 w - - 0 34
2025-11-01 22:50:27,722 - analyzers.stockfish_analyzer - ERROR - Error evaluating move b3d3: san() and lan() expect move to be legal or null, but got b3d3 in 4k3/8/3K4/2p5/4r3/3q4/8/8 w - - 1 40
2025-11-01 22:50:27,737 - analyzers.stockfish_analyzer - ERROR - Error evaluating move e4c4: san() and lan() expect move to be legal or null, but got e4c4 in 4k3/8/8/2K5/2r5/3q4/8/8 w - - 1 41
2025-11-01 22:50:27,748 - analyzers.performance_calculator - INFO - Analyzing game 18/50: Mordred9904 vs v7p3r
2025-11-01 22:50:28,228 - analyzers.stockfish_analyzer - ERROR - Error evaluating move f8c5: san() and lan() expect move to be legal or null, but got f8c5 in rnbqk2r/pppp1ppp/5n2/2b1p3/4P3/2N2N2/PPPP1PPP/R1BQKB1R w KQkq - 4 4
2025-11-01 22:50:28,883 - analyzers.stockfish_analyzer - ERROR - Error evaluating move g7g6: san() and lan() expect move to be legal or null, but got g7g6 in rnbq1rk1/pppp1p1p/5np1/2b2N2/4P3/2N5/PPP2PPP/R1BQKB1R w KQ - 0 7
2025-11-01 22:50:29,335 - analyzers.stockfish_analyzer - ERROR - Error evaluating move c5d4: san() and lan() expect move to be legal or null, but got c5d4 in rnb2r1k/ppN2p1p/6pN/8/3bP3/8/PqP2PPP/R2QKB1R w KQ - 1 12
2025-11-01 22:50:29,430 - analyzers.stockfish_analyzer - ERROR - Error evaluating move b2a2: san() and lan() expect move to be legal or null, but got b2a2 in rnb2r1k/ppN2p1p/6pN/8/3bP3/8/q1P2PPP/1R1QKB1R w K - 0 13
2025-11-01 22:50:29,638 - analyzers.stockfish_analyzer - ERROR - Error evaluating move d4e5: san() and lan() expect move to be legal or null, but got d4e5 in Nnb2r1k/pp3p1p/6pN/4b3/4P3/8/q1P2PPP/1R1QKB1R w K - 1 14
2025-11-01 22:50:29,801 - analyzers.stockfish_analyzer - ERROR - Error evaluating move f8e8: san() and lan() expect move to be legal or null, but got f8e8 in Nnb1r2k/pp3p1p/6pN/1R2b3/4P3/8/q1P2PPP/3QKB1R w K - 3 15
2025-11-01 22:50:29,951 - analyzers.stockfish_analyzer - ERROR - Error evaluating move b8d7: san() and lan() expect move to be legal or null, but got b8d7 in N1b1r1k1/pp1n3p/6p1/1R2N3/4P3/8/q1P2PPP/3QKB1R w K - 1 17
2025-11-01 22:50:30,095 - analyzers.stockfish_analyzer - ERROR - Error evaluating move a2b1: san() and lan() expect move to be legal or null, but got a2b1 in 2b5/ppN3kp/6p1/4n3/3QP3/8/2P2PPP/1q2KB1R w K - 4 21
2025-11-01 22:50:30,213 - analyzers.performance_calculator - INFO - Analyzing game 19/50: v7p3r vs Aerial-Powers-BOT
2025-11-01 22:50:30,717 - analyzers.stockfish_analyzer - ERROR - Error evaluating move d2d3: san() and lan() expect move to be legal or null, but got d2d3 in rnbqkbnr/ppp2ppp/4p3/3p4/4P3/2NP4/PPP2PPP/R1BQKBNR b KQkq - 0 3
2025-11-01 22:50:31,012 - analyzers.stockfish_analyzer - ERROR - Error evaluating move f2f4: san() and lan() expect move to be legal or null, but got f2f4 in rnbqkbnr/ppp2ppp/8/1N2p3/3pPP2/3P4/PPP3PP/R1BQKBNR b KQkq - 0 5
2025-11-01 22:50:31,396 - analyzers.stockfish_analyzer - ERROR - Error evaluating move b5d4: san() and lan() expect move to be legal or null, but got b5d4 in rnb1k1nr/ppp1qppp/8/8/3NPB2/2PP2P1/P6P/R2QKBNR b KQkq - 0 10
2025-11-01 22:50:31,531 - analyzers.stockfish_analyzer - ERROR - Error evaluating move a1b1: san() and lan() expect move to be legal or null, but got a1b1 in r3k1nr/2pbqppp/2p5/p7/4PB2/2PP1NP1/P5BP/1R1QK2R b Kkq - 1 14
2025-11-01 22:50:31,633 - analyzers.stockfish_analyzer - ERROR - Error evaluating move a2a4: san() and lan() expect move to be legal or null, but got a2a4 in 2r1k1nr/2p1qppp/2p1b3/p7/P1P1PB2/3P1NP1/6BP/1R1Q1RK1 b k - 0 17
2025-11-01 22:50:31,667 - analyzers.stockfish_analyzer - ERROR - Error evaluating move f3e5: san() and lan() expect move to be legal or null, but got f3e5 in 2r1k2r/2p1qppp/2p1bn2/p3N3/P1P1PB2/3P2P1/6BP/1R1Q1RK1 b k - 2 18
2025-11-01 22:50:31,741 - analyzers.stockfish_analyzer - ERROR - Error evaluating move f1e1: san() and lan() expect move to be legal or null, but got f1e1 in 2r1k2r/2p1qppp/2p1bn2/p3N3/P1PPPB2/6P1/6BP/1R1QR1K1 b k - 2 20
2025-11-01 22:50:31,783 - analyzers.stockfish_analyzer - ERROR - Error evaluating move d4d5: san() and lan() expect move to be legal or null, but got d4d5 in 2r2rk1/2p1qppp/2p1bn2/p2PN3/P1P1PB2/6P1/6BP/1R1QR1K1 b - - 0 21
2025-11-01 22:50:31,840 - analyzers.stockfish_analyzer - ERROR - Error evaluating move d1g4: san() and lan() expect move to be legal or null, but got d1g4 in 2r2rk1/2pnqppp/2p5/p2P4/P1P1PBQ1/6P1/6BP/1R2R1K1 b - - 1 23
2025-11-01 22:50:31,879 - analyzers.stockfish_analyzer - ERROR - Error evaluating move b1b7: san() and lan() expect move to be legal or null, but got b1b7 in 2r2r1k/1Rpnqppp/2p5/p2P4/P1P1PBQ1/6P1/6BP/4R1K1 b - - 3 24
2025-11-01 22:50:31,951 - analyzers.stockfish_analyzer - ERROR - Error evaluating move c4c5: san() and lan() expect move to be legal or null, but got c4c5 in 2r2r1k/1Rpn1ppp/2pq4/p1PP4/P3P1Q1/4B1P1/6BP/4R1K1 b - - 0 26
2025-11-01 22:50:32,002 - analyzers.stockfish_analyzer - ERROR - Error evaluating move e3c5: san() and lan() expect move to be legal or null, but got e3c5 in 2r2r1k/1Rp2ppp/2pq4/p1BP4/P3P1Q1/6P1/6BP/4R1K1 b - - 0 27
2025-11-01 22:50:32,137 - analyzers.stockfish_analyzer - ERROR - Error evaluating move e5e6: san() and lan() expect move to be legal or null, but got e5e6 in 2r2r1k/1Rp2ppp/2P1P3/p7/P5Q1/4q1P1/6BP/5R1K b - - 0 32
2025-11-01 22:50:32,270 - analyzers.stockfish_analyzer - ERROR - Error evaluating move c7a7: san() and lan() expect move to be legal or null, but got c7a7 in 1r5k/R5pp/2P1p3/p7/P7/6P1/6BP/7K b - - 2 36
2025-11-01 22:50:32,388 - analyzers.stockfish_analyzer - ERROR - Error evaluating move a7a5: san() and lan() expect move to be legal or null, but got a7a5 in 5r1k/6pp/2P1p3/R7/P7/6P1/6KP/8 b - - 0 39
2025-11-01 22:50:32,603 - analyzers.stockfish_analyzer - ERROR - Error evaluating move c7c8q: san() and lan() expect move to be legal or null, but got c7c8q in 1RQ5/6kp/4p1p1/8/P7/6PK/3r3P/8 b - - 0 44
2025-11-01 22:50:32,625 - analyzers.stockfish_analyzer - ERROR - Error evaluating move c8e6: san() and lan() expect move to be legal or null, but got c8e6 in 1R6/6kp/4Q1p1/8/P7/6PK/5r1P/8 b - - 0 45
2025-11-01 22:50:32,650 - analyzers.performance_calculator - INFO - Analyzing game 20/50: v7p3r vs bhaveshjoshi21
2025-11-01 22:50:33,208 - analyzers.stockfish_analyzer - ERROR - Error evaluating move f2f4: san() and lan() expect move to be legal or null, but got f2f4 in r1bqkbnr/pp1p1ppp/2n1p3/2p5/2B1PP2/2N5/PPPP2PP/R1BQK1NR b KQkq - 0 4
2025-11-01 22:50:34,272 - analyzers.stockfish_analyzer - ERROR - Error evaluating move d2d4: san() and lan() expect move to be legal or null, but got d2d4 in r1bq1rk1/pp2bppp/2n1p3/2p2n2/3PNP2/1BP2N2/PP4PP/R1BQ1RK1 b - - 0 10
2025-11-01 22:50:34,842 - analyzers.stockfish_analyzer - ERROR - Error evaluating move f1e1: san() and lan() expect move to be legal or null, but got f1e1 in r1b2rk1/p4ppp/2n1p3/1pq2n2/5P2/1BP2N2/PP4PP/R1BQR2K b - - 1 14
2025-11-01 22:50:35,091 - analyzers.stockfish_analyzer - ERROR - Error evaluating move c1e3: san() and lan() expect move to be legal or null, but got c1e3 in r4rk1/pb3ppp/2n1p3/1pq2n2/5P2/1BP1BN2/PP4PP/R2QR2K b - - 3 15
2025-11-01 22:50:35,305 - analyzers.stockfish_analyzer - ERROR - Error evaluating move g5h3: san() and lan() expect move to be legal or null, but got g5h3 in r4rk1/p2Q1ppp/b1n1p3/1pq5/5Pn1/1BP4N/PP4PP/R3R2K b - - 5 18
2025-11-01 22:50:35,334 - analyzers.stockfish_analyzer - ERROR - Error evaluating move d7d1: san() and lan() expect move to be legal or null, but got d7d1 in 3r1rk1/p4ppp/b1n1p3/1pq5/5Pn1/1BP4N/PP4PP/R2QR2K b - - 7 19
2025-11-01 22:50:35,386 - analyzers.performance_calculator - INFO - Analyzing game 21/50: v7p3r vs JaceMarcel
2025-11-01 22:50:35,846 - analyzers.stockfish_analyzer - ERROR - Error evaluating move f2f4: san() and lan() expect move to be legal or null, but got f2f4 in r1bqkbnr/pp1ppppp/2n5/2p5/4PP2/2N5/PPPP2PP/R1BQKBNR b KQkq - 0 3
2025-11-01 22:50:35,992 - analyzers.stockfish_analyzer - ERROR - Error evaluating move d2d3: san() and lan() expect move to be legal or null, but got d2d3 in r1bqkbnr/pp2pppp/2np4/2p5/4PP2/2NP4/PPP3PP/R1BQKBNR b KQkq - 0 4
2025-11-01 22:50:36,143 - analyzers.stockfish_analyzer - ERROR - Error evaluating move c1e3: san() and lan() expect move to be legal or null, but got c1e3 in r1bqkb1r/pp2pppp/2np1n2/2p5/4PP2/2NPB3/PPP3PP/R2QKBNR b KQkq - 2 5
2025-11-01 22:50:36,263 - analyzers.stockfish_analyzer - ERROR - Error evaluating move d1d2: san() and lan() expect move to be legal or null, but got d1d2 in r1bqkb1r/pp2pppp/2np4/2p5/4PPn1/2NPB3/PPPQ2PP/R3KBNR b KQkq - 4 6
2025-11-01 22:50:36,618 - analyzers.stockfish_analyzer - ERROR - Error evaluating move e1c1: san() and lan() expect move to be legal or null, but got e1c1 in r1bqkb1r/pp2pp1p/2np2p1/2p5/4PP2/2NPQ3/PPP3PP/2KR1BNR b kq - 1 8
2025-11-01 22:50:36,885 - analyzers.stockfish_analyzer - ERROR - Error evaluating move f3d4: san() and lan() expect move to be legal or null, but got f3d4 in r1bqk2r/pp2ppbp/3p2p1/2p5/3NPP2/2NPQ3/PPP3PP/2KR1B1R b kq - 0 10
2025-11-01 22:50:36,971 - analyzers.stockfish_analyzer - ERROR - Error evaluating move e3d2: san() and lan() expect move to be legal or null, but got e3d2 in r1bqk2r/pp2ppbp/3p2p1/8/3pPP2/2NP4/PPPQ2PP/2KR1B1R b kq - 1 11
2025-11-01 22:50:37,142 - analyzers.stockfish_analyzer - ERROR - Error evaluating move h1g1: san() and lan() expect move to be legal or null, but got h1g1 in r4rk1/pp1bppbp/3p2p1/8/3PPP2/2PQ4/q1PK2PP/3R1BR1 b - - 5 16
2025-11-01 22:50:37,226 - analyzers.stockfish_analyzer - ERROR - Error evaluating move f1h3: san() and lan() expect move to be legal or null, but got f1h3 in r1r3k1/p2bppbp/3p2p1/1p6/3PPPP1/2PQ3B/q1PK3P/3R2R1 b - - 1 18
2025-11-01 22:50:37,314 - analyzers.stockfish_analyzer - ERROR - Error evaluating move d3e2: san() and lan() expect move to be legal or null, but got d3e2 in r5k1/p2bppbp/3p2p1/6P1/1p1PPP2/2r4B/q1PKQ2P/3R2R1 b - - 1 20
2025-11-01 22:50:37,356 - analyzers.performance_calculator - INFO - Analyzing game 22/50: Keshslim vs v7p3r
2025-11-01 22:50:39,114 - analyzers.stockfish_analyzer - ERROR - Error evaluating move d8e7: san() and lan() expect move to be legal or null, but got d8e7 in r3kb1r/ppp1qp1p/3p1np1/4p2b/2BnPP2/2N3QP/PPPP2P1/1RB1K1NR w Kkq - 3 10
2025-11-01 22:50:39,775 - analyzers.stockfish_analyzer - ERROR - Error evaluating move d4f3: san() and lan() expect move to be legal or null, but got d4f3 in r3kb1r/ppp1qp1p/5np1/4p2b/2B1P3/2N2nQP/PPPP2P1/1RB1K2R w Kkq - 0 12
2025-11-01 22:50:39,981 - analyzers.stockfish_analyzer - ERROR - Error evaluating move e8c8: san() and lan() expect move to be legal or null, but got e8c8 in 2kr1b1r/ppp1qp1p/5np1/4p2b/2B1P3/2N2PQP/PPPP4/1RB1K2R w K - 1 13
2025-11-01 22:50:40,334 - analyzers.stockfish_analyzer - ERROR - Error evaluating move f8h6: san() and lan() expect move to be legal or null, but got f8h6 in 2kr3r/ppp1qp1p/5npb/4p2b/2B1P3/2N2P1P/PPPP1Q2/1RB1K2R w K - 3 14
2025-11-01 22:50:40,691 - analyzers.stockfish_analyzer - ERROR - Error evaluating move c8b8: san() and lan() expect move to be legal or null, but got c8b8 in 1k1r3r/ppp1qp1p/5npb/1N2p2b/2B1P3/5P1P/PPPP1Q2/1RB1K2R w K - 5 15
2025-11-01 22:50:41,038 - analyzers.stockfish_analyzer - ERROR - Error evaluating move b7b6: san() and lan() expect move to be legal or null, but got b7b6 in 3r3r/Q1pkqp1p/1p3npb/1N2p2b/2B1P3/5P1P/PPPP4/1RB1K2R w K - 0 18
2025-11-01 22:50:41,389 - analyzers.stockfish_analyzer - ERROR - Error evaluating move h5f3: san() and lan() expect move to be legal or null, but got h5f3 in 3rk2r/4qp1p/1Q3npb/1N2p3/2B1P3/5b1P/PPPP4/1RB1K2R w K - 0 20
2025-11-01 22:50:41,658 - analyzers.stockfish_analyzer - ERROR - Error evaluating move e7d7: san() and lan() expect move to be legal or null, but got e7d7 in 3r1k1r/3q1p1p/1Q3npb/3Np3/2B1b3/7P/PPPP4/1RB1KR2 w - - 4 23
2025-11-01 22:50:41,711 - analyzers.performance_calculator - INFO - Analyzing game 23/50: YOU-12333 vs v7p3r
2025-11-01 22:50:42,185 - analyzers.stockfish_analyzer - ERROR - Error evaluating move d7d5: san() and lan() expect move to be legal or null, but got d7d5 in rnbqkb1r/pp2pppp/2p2n2/3p4/4P3/8/PPPP1PPP/RNBQKBNR w KQkq - 0 4
2025-11-01 22:50:42,736 - analyzers.stockfish_analyzer - ERROR - Error evaluating move h8h5: san() and lan() expect move to be legal or null, but got h8h5 in rnbqkb2/pp2ppp1/2p2n2/7r/8/8/PPPP2P1/RNBQK1NR w KQq - 0 10
2025-11-01 22:50:42,827 - analyzers.stockfish_analyzer - ERROR - Error evaluating move g7g6: san() and lan() expect move to be legal or null, but got g7g6 in rnbqkb2/pp2pp2/2p3p1/7Q/8/8/PPPP2P1/RNB1K1N1 w Qq - 0 12
2025-11-01 22:50:43,102 - analyzers.stockfish_analyzer - ERROR - Error evaluating move g4h5: san() and lan() expect move to be legal or null, but got g4h5 in rn2kb2/pp2pp1Q/2p3p1/7b/4q3/8/PPP1N1P1/RNB1K3 w Qq - 4 17
2025-11-01 22:50:43,314 - analyzers.stockfish_analyzer - ERROR - Error evaluating move f8e6: san() and lan() expect move to be legal or null, but got f8e6 in 3rk3/pp2pp2/2p1n3/7N/8/8/P7/4K3 w - - 3 28
2025-11-01 22:50:43,347 - analyzers.stockfish_analyzer - ERROR - Error evaluating move d8d5: san() and lan() expect move to be legal or null, but got d8d5 in 4k3/pp2pp2/2p1n3/3r3N/P7/8/8/4K3 w - - 1 29
2025-11-01 22:50:43,377 - analyzers.stockfish_analyzer - ERROR - Error evaluating move c6c5: san() and lan() expect move to be legal or null, but got c6c5 in 4k3/pp2ppn1/8/2pr4/P7/8/4K3/8 w - - 0 31
2025-11-01 22:50:43,395 - analyzers.stockfish_analyzer - ERROR - Error evaluating move c5c4: san() and lan() expect move to be legal or null, but got c5c4 in 4k3/pp2ppn1/8/3r4/P1p5/4K3/8/8 w - - 0 32
2025-11-01 22:50:43,420 - analyzers.stockfish_analyzer - ERROR - Error evaluating move d5d3: san() and lan() expect move to be legal or null, but got d5d3 in 4k3/pp2ppn1/8/8/P1p1K3/3r4/8/8 w - - 2 33
2025-11-01 22:50:43,438 - analyzers.stockfish_analyzer - ERROR - Error evaluating move c4c3: san() and lan() expect move to be legal or null, but got c4c3 in 4k3/pp2ppn1/8/4K3/P7/2pr4/8/8 w - - 0 34
2025-11-01 22:50:43,472 - analyzers.stockfish_analyzer - ERROR - Error evaluating move d2b2: san() and lan() expect move to be legal or null, but got d2b2 in 4k3/pp2ppn1/8/8/P7/2p1K3/1r6/8 w - - 4 36
2025-11-01 22:50:43,511 - analyzers.stockfish_analyzer - ERROR - Error evaluating move f7f6: san() and lan() expect move to be legal or null, but got f7f6 in 4k3/pp2p1n1/5p2/8/P7/8/1rpK4/8 w - - 0 38
2025-11-01 22:50:43,554 - analyzers.stockfish_analyzer - ERROR - Error evaluating move f5f4: san() and lan() expect move to be legal or null, but got f5f4 in 4k3/pp2p1n1/8/P7/5p2/8/2K5/1r6 w - - 0 41
2025-11-01 22:50:43,612 - analyzers.stockfish_analyzer - ERROR - Error evaluating move b7b6: san() and lan() expect move to be legal or null, but got b7b6 in 4k3/p3p1n1/1p6/P7/8/8/3K4/5q2 w - - 0 45
2025-11-01 22:50:43,647 - analyzers.stockfish_analyzer - ERROR - Error evaluating move f1c1: san() and lan() expect move to be legal or null, but got f1c1 in 4k3/4p1n1/1p6/8/8/4K3/8/2q5 w - - 2 47
2025-11-01 22:50:43,719 - analyzers.stockfish_analyzer - ERROR - Error evaluating move b1b5: san() and lan() expect move to be legal or null, but got b1b5 in 4k3/4p1n1/8/1q1K4/8/8/8/2q5 w - - 2 53
2025-11-01 22:50:43,720 - analyzers.performance_calculator - INFO - Analyzing game 24/50: v7p3r vs asuherli1
2025-11-01 22:50:44,402 - analyzers.stockfish_analyzer - ERROR - Error evaluating move c1e3: san() and lan() expect move to be legal or null, but got c1e3 in r1bqkbnr/pp3ppp/2npp3/2p5/2B1P3/2NPB3/PPP2PPP/R2QK1NR b KQkq - 1 5
2025-11-01 22:50:44,578 - analyzers.stockfish_analyzer - ERROR - Error evaluating move f2f4: san() and lan() expect move to be legal or null, but got f2f4 in r1bqkb1r/pp3ppp/2nppn2/2p5/2B1PP2/2NPB3/PPP3PP/R2QK1NR b KQkq - 0 6
2025-11-01 22:50:44,728 - analyzers.stockfish_analyzer - ERROR - Error evaluating move g1f3: san() and lan() expect move to be legal or null, but got g1f3 in r1bqkb1r/pp3p1p/2nppnp1/2p5/2B1PP2/2NPBN2/PPP3PP/R2QK2R b KQkq - 1 7
2025-11-01 22:50:45,056 - analyzers.stockfish_analyzer - ERROR - Error evaluating move e1g1: san() and lan() expect move to be legal or null, but got e1g1 in r1bqk2r/pp3pbp/2nppnp1/2p5/2B1PP2/2NPBN2/PPP3PP/R2Q1RK1 b kq - 3 8
2025-11-01 22:50:45,579 - analyzers.stockfish_analyzer - ERROR - Error evaluating move a2a3: san() and lan() expect move to be legal or null, but got a2a3 in r1bq1rk1/pp1n1pbp/2n1p1p1/2ppP3/5P2/PBNPBN2/1PP3PP/R2Q1RK1 b - - 0 11
2025-11-01 22:50:45,995 - analyzers.performance_calculator - INFO - Analyzing game 25/50: tumya vs v7p3r
2025-11-01 22:50:46,634 - analyzers.stockfish_analyzer - ERROR - Error evaluating move c8f5: san() and lan() expect move to be legal or null, but got c8f5 in rn1qkb1r/pp2pppp/5n2/3p1b2/3P4/2N2N2/PPP2PPP/R1BQKB1R w KQkq - 4 6
2025-11-01 22:50:46,927 - analyzers.stockfish_analyzer - ERROR - Error evaluating move f6e4: san() and lan() expect move to be legal or null, but got f6e4 in rn1qkb1r/pp3ppp/4p3/1N1p1b2/3PnB2/5N2/PPP2PPP/R2QKB1R w KQkq - 2 8
2025-11-01 22:50:47,025 - analyzers.stockfish_analyzer - ERROR - Error evaluating move f5g4: san() and lan() expect move to be legal or null, but got f5g4 in rn2k2r/ppB2ppp/4p3/3p4/1b1Pn1b1/5N2/PPP1KPPP/R2Q1B1R w kq - 3 11
2025-11-01 22:50:47,062 - analyzers.stockfish_analyzer - ERROR - Error evaluating move b4d6: san() and lan() expect move to be legal or null, but got b4d6 in rn2k2r/ppB2ppp/3bp3/3p4/3Pn1b1/P4N2/1PP1KPPP/R2Q1B1R w kq - 1 12
2025-11-01 22:50:47,108 - analyzers.stockfish_analyzer - ERROR - Error evaluating move g4f5: san() and lan() expect move to be legal or null, but got g4f5 in rn2k2r/pp3ppp/3np3/3p1b2/3P4/P2Q1N2/1PP1KPPP/R4B1R w kq - 2 14
2025-11-01 22:50:47,150 - analyzers.stockfish_analyzer - ERROR - Error evaluating move f5g4: san() and lan() expect move to be legal or null, but got f5g4 in rn3rk1/pp3ppp/3np3/3pN3/3P2b1/PQ6/1PP1KPPP/R4B1R w - - 6 16
2025-11-01 22:50:47,172 - analyzers.stockfish_analyzer - ERROR - Error evaluating move b8d7: san() and lan() expect move to be legal or null, but got b8d7 in r4rk1/pp1n1ppp/3np3/3p4/3P2N1/PQ6/1PP1KPPP/R4B1R w - - 1 17
2025-11-01 22:50:47,192 - analyzers.stockfish_analyzer - ERROR - Error evaluating move b7b6: san() and lan() expect move to be legal or null, but got b7b6 in r4rk1/p2n1ppp/1p1np3/3p4/3P2N1/PQ6/1PP1KPPP/4RB1R w - - 0 18
2025-11-01 22:50:47,216 - analyzers.stockfish_analyzer - ERROR - Error evaluating move d6e4: san() and lan() expect move to be legal or null, but got d6e4 in r4rk1/p2n1ppp/1p2p3/3p4/3Pn1N1/PQ6/1PP2PPP/3KRB1R w - - 2 19
2025-11-01 22:50:47,291 - analyzers.stockfish_analyzer - ERROR - Error evaluating move f6f5: san() and lan() expect move to be legal or null, but got f6f5 in r5rk/p4p1p/1p2p3/1B3p2/3Pp3/P4P1Q/1PP3PP/3K3R w - - 0 25
2025-11-01 22:50:47,323 - analyzers.stockfish_analyzer - ERROR - Error evaluating move a8d8: san() and lan() expect move to be legal or null, but got a8d8 in 3r2rk/p4p1p/1p2p3/1B6/3Pp1P1/P6Q/1PP4P/3K3R w - - 1 27
2025-11-01 22:50:47,508 - analyzers.stockfish_analyzer - ERROR - Error evaluating move d4d1: san() and lan() expect move to be legal or null, but got d4d1 in 4B2k/p4p1p/1p2p1r1/8/8/P6Q/1PP1p2P/2Kr3R w - - 2 32
2025-11-01 22:50:47,618 - analyzers.performance_calculator - INFO - Analyzing game 26/50: v7p3r vs Pankeis-1
2025-11-01 22:50:48,414 - analyzers.stockfish_analyzer - ERROR - Error evaluating move d4c6: san() and lan() expect move to be legal or null, but got d4c6 in r1bqkbnr/pp2pp1p/2Np2p1/8/4P3/2N5/PPP2PPP/R1BQKB1R b KQkq - 0 6
2025-11-01 22:50:48,831 - analyzers.stockfish_analyzer - ERROR - Error evaluating move f2f4: san() and lan() expect move to be legal or null, but got f2f4 in r1bqk1nr/p3ppbp/2pp2p1/8/4PP2/2NB4/PPP3PP/R1BQK2R b KQkq - 0 8
2025-11-01 22:50:49,444 - analyzers.stockfish_analyzer - ERROR - Error evaluating move c1g5: san() and lan() expect move to be legal or null, but got c1g5 in r2qk2r/pb2npbp/2pp2p1/4pPB1/4P3/2NB4/PPP3PP/R2Q1RK1 b kq - 4 11
2025-11-01 22:50:50,201 - analyzers.stockfish_analyzer - ERROR - Error evaluating move b2b3: san() and lan() expect move to be legal or null, but got b2b3 in r3k2r/p3n1bp/1q1p1p2/2p1pP2/4N3/1P2B3/P1P3PP/R2Q1RK1 b kq - 0 16
2025-11-01 22:50:50,435 - analyzers.stockfish_analyzer - ERROR - Error evaluating move e4c3: san() and lan() expect move to be legal or null, but got e4c3 in r6r/p3k1bp/5p2/1q1ppP2/8/1PN5/P1P3PP/R2Q1RK1 b - - 1 19
2025-11-01 22:50:50,668 - analyzers.stockfish_analyzer - ERROR - Error evaluating move d5c4: san() and lan() expect move to be legal or null, but got d5c4 in r2r4/p3k1bp/5p2/4pP2/2Q5/1Pq5/P1P3PP/R4R1K b - - 2 22
2025-11-01 22:50:50,735 - analyzers.stockfish_analyzer - ERROR - Error evaluating move c2c3: san() and lan() expect move to be legal or null, but got c2c3 in r7/p3k1bp/5p2/4pP2/2P5/2P5/P2r2PP/R4R1K b - - 0 24
2025-11-01 22:50:50,808 - analyzers.stockfish_analyzer - ERROR - Error evaluating move d1d5: san() and lan() expect move to be legal or null, but got d1d5 in 2r5/p3k1bp/5p2/3RpP2/2P5/2P5/r5PP/5R1K b - - 1 26
2025-11-01 22:50:50,912 - analyzers.stockfish_analyzer - ERROR - Error evaluating move c3c4: san() and lan() expect move to be legal or null, but got c3c4 in 8/p1r1k1bp/5p2/3RpP2/2P5/8/r5PP/3R3K b - - 0 28
2025-11-01 22:50:51,029 - analyzers.stockfish_analyzer - ERROR - Error evaluating move d5c5: san() and lan() expect move to be legal or null, but got d5c5 in 8/p1r1k1bp/5p2/2R1pP2/8/8/6PP/3R3K b - - 0 30
2025-11-01 22:50:51,064 - analyzers.stockfish_analyzer - ERROR - Error evaluating move h2h3: san() and lan() expect move to be legal or null, but got h2h3 in 8/p3k1bp/5p2/2r1pP2/8/7P/6P1/3R3K b - - 0 31
2025-11-01 22:50:51,119 - analyzers.performance_calculator - INFO - Analyzing game 27/50: v7p3r vs Dz7cesar
2025-11-01 22:50:52,710 - analyzers.stockfish_analyzer - ERROR - Error evaluating move c3e4: san() and lan() expect move to be legal or null, but got c3e4 in r1bqk2r/ppp2ppp/8/2bP4/2B1N3/3PBQ2/PPP3PP/R4RK1 b kq - 0 12
2025-11-01 22:50:52,753 - analyzers.stockfish_analyzer - ERROR - Error evaluating move d5d6: san() and lan() expect move to be legal or null, but got d5d6 in r1b2rk1/ppp2ppp/3P4/2N5/2B4q/3PBQ2/PPP3PP/R4RK1 b - - 0 14
2025-11-01 22:50:52,815 - analyzers.performance_calculator - INFO - Analyzing game 28/50: Rigo36 vs v7p3r
2025-11-01 22:50:53,168 - analyzers.stockfish_analyzer - ERROR - Error evaluating move c8f5: san() and lan() expect move to be legal or null, but got c8f5 in rn1qkb1r/ppp1pppp/5n2/3p1b2/8/2PP4/PP1NPPPP/R1BQKBNR w KQkq - 2 4
2025-11-01 22:50:53,675 - analyzers.stockfish_analyzer - ERROR - Error evaluating move e7e6: san() and lan() expect move to be legal or null, but got e7e6 in r2qkb1r/ppp2ppp/2n1pn2/5b2/2P5/5N2/PP1NPPPP/R1BQKB1R w KQkq - 0 7
2025-11-01 22:50:53,758 - analyzers.stockfish_analyzer - ERROR - Error evaluating move f8c5: san() and lan() expect move to be legal or null, but got f8c5 in r2qk2r/ppp2ppp/4pn2/2b2b2/3n4/8/PP1NPPPP/R1BQKB1R w KQkq - 0 9
2025-11-01 22:50:53,856 - analyzers.performance_calculator - INFO - Analyzing game 29/50: playwithpepe vs v7p3r
2025-11-01 22:50:54,100 - analyzers.stockfish_analyzer - ERROR - Error evaluating move c8f5: san() and lan() expect move to be legal or null, but got c8f5 in rn1qkbnr/ppp1pppp/8/3p1b2/3P4/5N2/PPP1PPPP/RNBQKB1R w KQkq - 2 3
2025-11-01 22:50:54,437 - analyzers.stockfish_analyzer - ERROR - Error evaluating move e7e6: san() and lan() expect move to be legal or null, but got e7e6 in rn1qkb1r/ppp2ppp/4pn2/3p4/3P4/3QPN2/PPP2PPP/RNB1K2R w KQkq - 0 6
2025-11-01 22:50:54,592 - analyzers.stockfish_analyzer - ERROR - Error evaluating move b8c6: san() and lan() expect move to be legal or null, but got b8c6 in r2qkb1r/ppp2ppp/2n1pn2/3p4/3P4/2PQPN2/PP3PPP/RNB1K2R w KQkq - 1 7
2025-11-01 22:50:54,968 - analyzers.stockfish_analyzer - ERROR - Error evaluating move a7a6: san() and lan() expect move to be legal or null, but got a7a6 in r2q1rk1/1pp2ppp/p1nbpn2/3p4/3P4/2PQPN2/PP1N1PPP/R1B1R1K1 w - - 0 10
2025-11-01 22:50:55,110 - analyzers.stockfish_analyzer - ERROR - Error evaluating move f8e8: san() and lan() expect move to be legal or null, but got f8e8 in r2qr1k1/1pp2ppp/p1nbpn2/3p4/3PP3/2PQ1N2/PP1N1PPP/R1B1R1K1 w - - 1 11
2025-11-01 22:50:55,159 - analyzers.stockfish_analyzer - ERROR - Error evaluating move f6e4: san() and lan() expect move to be legal or null, but got f6e4 in r2qr1k1/1pp2ppp/p1nbp3/3pP3/3Pn3/2PQ1N2/PP1N1PPP/R1B1R1K1 w - - 1 12
2025-11-01 22:50:55,228 - analyzers.stockfish_analyzer - ERROR - Error evaluating move b7b5: san() and lan() expect move to be legal or null, but got b7b5 in r3r1k1/2p2ppp/p1nqp3/1p1p4/3P4/2PQ1N2/PP1N2PP/R1B1R1K1 w - - 0 15
2025-11-01 22:50:55,252 - analyzers.stockfish_analyzer - ERROR - Error evaluating move c6e7: san() and lan() expect move to be legal or null, but got c6e7 in r3r1k1/2p1nppp/p2qp3/1p1p4/3P4/P1PQ1N2/1P1N2PP/R1B1R1K1 w - - 1 16
2025-11-01 22:50:55,279 - analyzers.stockfish_analyzer - ERROR - Error evaluating move c7c6: san() and lan() expect move to be legal or null, but got c7c6 in r3r1k1/4nppp/p1pqp3/1p1p4/1P1P4/P1PQ1N2/3N2PP/R1B1R1K1 w - - 0 17
2025-11-01 22:50:55,302 - analyzers.stockfish_analyzer - ERROR - Error evaluating move a8c8: san() and lan() expect move to be legal or null, but got a8c8 in 2r1r1k1/4nppp/p1pqp3/1p1p4/1P1P4/P1PQ1N2/1B1N2PP/R3R1K1 w - - 2 18
2025-11-01 22:50:55,345 - analyzers.stockfish_analyzer - ERROR - Error evaluating move f6f5: san() and lan() expect move to be legal or null, but got f6f5 in 2r1r1k1/4n1pp/p1pqp3/1p1p1p2/1P1P4/P1PQ1N2/1B1N2PP/R3R1K1 w - - 0 20
2025-11-01 22:50:55,431 - analyzers.stockfish_analyzer - ERROR - Error evaluating move d6e7: san() and lan() expect move to be legal or null, but got d6e7 in 2r2rk1/4q1pp/p3p3/1p1pNn2/1P1P1p2/2PQ1N2/6PP/R1B1R1K1 w - - 4 25
2025-11-01 22:50:55,454 - analyzers.stockfish_analyzer - ERROR - Error evaluating move f5h4: san() and lan() expect move to be legal or null, but got f5h4 in 2r2rk1/4q1pp/p3p3/1p1pN3/1P1P1B1n/2PQ1N2/6PP/R3R1K1 w - - 1 26
2025-11-01 22:50:55,516 - analyzers.stockfish_analyzer - ERROR - Error evaluating move f8f5: san() and lan() expect move to be legal or null, but got f8f5 in 2r3k1/6pp/R3p3/1p1pNrq1/1P1P4/2PQ2B1/6PP/4R1K1 w - - 1 29
2025-11-01 22:50:55,553 - analyzers.stockfish_analyzer - ERROR - Error evaluating move f5f2: san() and lan() expect move to be legal or null, but got f5f2 in 5rk1/3N2pp/4R3/1p1p2q1/1P1P4/2PQ2B1/5rPP/4R1K1 w - - 3 31
2025-11-01 22:50:55,583 - analyzers.performance_calculator - INFO - Analyzing game 30/50: v7p3r vs coreyf06
2025-11-01 22:50:57,578 - analyzers.stockfish_analyzer - ERROR - Error evaluating move a3a4: san() and lan() expect move to be legal or null, but got a3a4 in r1bqk2r/2p3pp/2np1p1n/ppb1p3/P3P2B/1BNP1N1P/1PP2PP1/R2Q1RK1 b kq - 0 12
2025-11-01 22:50:57,946 - analyzers.stockfish_analyzer - ERROR - Error evaluating move a4a1: san() and lan() expect move to be legal or null, but got a4a1 in r2qk2r/2pb2pp/3p1p1n/p1b1p3/1n1PP2B/1BN2N1P/1PP2PP1/R2Q1RK1 b kq - 2 15
2025-11-01 22:50:58,249 - analyzers.stockfish_analyzer - ERROR - Error evaluating move f2f4: san() and lan() expect move to be legal or null, but got f2f4 in r1q1k2r/2pb2pp/3p1p1n/p1b5/1n1NPP1B/1BN4P/1PP3P1/R2Q1RK1 b kq - 0 17
2025-11-01 22:50:58,625 - analyzers.stockfish_analyzer - ERROR - Error evaluating move f4f5: san() and lan() expect move to be legal or null, but got f4f5 in r3k2r/2p3pp/3pqp1n/p4P2/1n1QP2B/2N4P/1PP3P1/R4RK1 b kq - 0 20
2025-11-01 22:50:58,842 - analyzers.stockfish_analyzer - ERROR - Error evaluating move f1e1: san() and lan() expect move to be legal or null, but got f1e1 in r3k2r/2p1q1pp/3p1p1n/p4P2/1n1QP2B/2N4P/1PP3P1/R3R1K1 b kq - 2 21
2025-11-01 22:50:59,045 - analyzers.stockfish_analyzer - ERROR - Error evaluating move c3d5: san() and lan() expect move to be legal or null, but got c3d5 in r4rk1/2p1q1pp/3p1p1n/p2N1P2/1n1QP2B/7P/1PP3P1/R3R1K1 b - - 4 22
2025-11-01 22:50:59,186 - analyzers.stockfish_analyzer - ERROR - Error evaluating move a1d1: san() and lan() expect move to be legal or null, but got a1d1 in r4rk1/2p3pp/3p1p1n/p2NqP2/1n1QP2B/7P/1PP3P1/3RR1K1 b - - 6 23
2025-11-01 22:51:00,431 - analyzers.stockfish_analyzer - ERROR - Error evaluating move d6d8: san() and lan() expect move to be legal or null, but got d6d8 in 3Rr1k1/6pp/4N2n/p3pP2/4P2B/7P/1r4P1/5K2 b - - 1 32
2025-11-01 22:51:00,542 - analyzers.stockfish_analyzer - ERROR - Error evaluating move h4e7: san() and lan() expect move to be legal or null, but got h4e7 in 6k1/4B1pp/4N2n/4pP2/4P3/p6P/1r4P1/5K2 b - - 1 35
2025-11-01 22:51:00,575 - analyzers.performance_calculator - INFO - Analyzing game 31/50: marahhhhhhhhhhhh07 vs v7p3r
2025-11-01 22:51:01,559 - analyzers.stockfish_analyzer - ERROR - Error evaluating move g7g6: san() and lan() expect move to be legal or null, but got g7g6 in rn1qkb1r/pp2np1p/2p1p1p1/3pPb2/3P1B2/2N2N2/PPP2PPP/R2QKB1R w KQkq - 0 7
2025-11-01 22:51:02,002 - analyzers.stockfish_analyzer - ERROR - Error evaluating move f8b4: san() and lan() expect move to be legal or null, but got f8b4 in rn1qk2r/pp3p1p/2p1p1p1/3pPn2/1b1P1B2/2NQ1N2/PPP2PPP/2KR3R w kq - 3 10
2025-11-01 22:51:02,126 - analyzers.stockfish_analyzer - ERROR - Error evaluating move d8d7: san() and lan() expect move to be legal or null, but got d8d7 in rn2k2r/pp1q1p1p/2p1p1p1/3pPnB1/1b1P4/2NQ1N2/PPP2PPP/2KR3R w kq - 5 11
2025-11-01 22:51:02,240 - analyzers.stockfish_analyzer - ERROR - Error evaluating move h7h6: san() and lan() expect move to be legal or null, but got h7h6 in rn2k2r/pp1q1p2/2p1p1pp/3pPnB1/1b1P3P/2NQ1N2/PPP2PP1/2KR3R w kq - 0 12
2025-11-01 22:51:02,518 - analyzers.stockfish_analyzer - ERROR - Error evaluating move d7e7: san() and lan() expect move to be legal or null, but got d7e7 in rn2k2r/pp2qp2/2p1p1pp/3pPn2/3P3P/2BQ1N2/PPP2PP1/2KR3R w kq - 1 14
2025-11-01 22:51:03,418 - analyzers.stockfish_analyzer - ERROR - Error evaluating move c6c5: san() and lan() expect move to be legal or null, but got c6c5 in r7/pp1kqp1R/n5p1/2ppPpP1/3P4/P1BQ4/1PP2P2/2K5 w - - 0 22
2025-11-01 22:51:03,631 - analyzers.stockfish_analyzer - ERROR - Error evaluating move c5d4: san() and lan() expect move to be legal or null, but got c5d4 in r7/pp1kqp1R/n5p1/3pPpP1/3p4/P1BQ1P2/1PP5/2K5 w - - 0 23
2025-11-01 22:51:03,833 - analyzers.stockfish_analyzer - ERROR - Error evaluating move e7g5: san() and lan() expect move to be legal or null, but got e7g5 in r7/pp1k1p1R/n5p1/3pPpq1/3Q4/P1B2P2/1PP5/2K5 w - - 0 24
2025-11-01 22:51:03,870 - analyzers.stockfish_analyzer - ERROR - Error evaluating move a8c8: san() and lan() expect move to be legal or null, but got a8c8 in 2r5/pp1k1p1R/n5p1/3pPpq1/3Q4/P1B2P2/1PP5/1K6 w - - 2 25
2025-11-01 22:51:03,956 - analyzers.stockfish_analyzer - ERROR - Error evaluating move a6c7: san() and lan() expect move to be legal or null, but got a6c7 in 2r5/pRn5/4k1p1/3pPpq1/3Q4/P1B2P2/1PP5/1K6 w - - 1 27
2025-11-01 22:51:03,990 - analyzers.stockfish_analyzer - ERROR - Error evaluating move c7b5: san() and lan() expect move to be legal or null, but got c7b5 in 2r5/R7/4k1p1/1n1pPpq1/3Q4/P1B2P2/1PP5/1K6 w - - 1 28
2025-11-01 22:51:04,027 - analyzers.stockfish_analyzer - ERROR - Error evaluating move c8c4: san() and lan() expect move to be legal or null, but got c8c4 in 8/R7/1Q1Pk1p1/3p1pq1/2r5/P1B2P2/1PP5/1K6 w - - 1 30
2025-11-01 22:51:04,043 - analyzers.performance_calculator - INFO - Analyzing game 32/50: v7p3r vs Jelez22
2025-11-01 22:51:05,040 - analyzers.stockfish_analyzer - ERROR - Error evaluating move d1d3: san() and lan() expect move to be legal or null, but got d1d3 in rn1qkbnr/pp1bpppp/8/1B1p4/3P4/2NQ4/PPP2PPP/R1B1K1NR b KQkq - 4 6
2025-11-01 22:51:05,595 - analyzers.stockfish_analyzer - ERROR - Error evaluating move f3e5: san() and lan() expect move to be legal or null, but got f3e5 in r2q1rk1/1p1nnppp/p3p3/3pN3/3P4/2NQ4/PPP2PPP/R4RK1 b - - 3 12
2025-11-01 22:51:05,738 - analyzers.stockfish_analyzer - ERROR - Error evaluating move e5g4: san() and lan() expect move to be legal or null, but got e5g4 in r2q1rk1/1p1n1ppp/p3p1n1/3p4/3P2N1/2NQ4/PPP2PPP/R4RK1 b - - 5 13
2025-11-01 22:51:06,676 - analyzers.stockfish_analyzer - ERROR - Error evaluating move f1f2: san() and lan() expect move to be legal or null, but got f1f2 in 2r2rk1/1p3ppp/pq4n1/3pp3/3P2P1/1P1Q4/P1P1NRPP/R5K1 b - - 1 18
2025-11-01 22:51:06,905 - analyzers.stockfish_analyzer - ERROR - Error evaluating move a1f1: san() and lan() expect move to be legal or null, but got a1f1 in 5rk1/1p3ppp/pq4n1/3p4/3Pp1P1/1P2Q3/P1r1NRPP/5RK1 b - - 1 20
2025-11-01 22:51:07,057 - analyzers.stockfish_analyzer - ERROR - Error evaluating move e2f4: san() and lan() expect move to be legal or null, but got e2f4 in 5rk1/1pr2ppp/pq4n1/3p4/3PpNP1/1P2Q3/P4RPP/5RK1 b - - 3 21
2025-11-01 22:51:07,201 - analyzers.stockfish_analyzer - ERROR - Error evaluating move f2f7: san() and lan() expect move to be legal or null, but got f2f7 in 5rk1/1pr2Rpp/pq6/3N4/3Pp1n1/1P2Q3/P5PP/5RK1 b - - 0 23
2025-11-01 22:51:07,231 - analyzers.stockfish_analyzer - ERROR - Error evaluating move e3g3: san() and lan() expect move to be legal or null, but got e3g3 in 5rk1/1p3rpp/pq6/3N4/3Pp1n1/1P4Q1/P5PP/5RK1 b - - 1 24
2025-11-01 22:51:07,242 - analyzers.performance_calculator - INFO - Analyzing game 33/50: sandrolopez vs v7p3r
2025-11-01 22:51:07,649 - analyzers.stockfish_analyzer - ERROR - Error evaluating move e7e6: san() and lan() expect move to be legal or null, but got e7e6 in rnbqkbnr/pp3ppp/4p3/3p4/8/1B6/PPPP1PPP/RNBQK1NR w KQkq - 0 5
2025-11-01 22:51:08,601 - analyzers.stockfish_analyzer - ERROR - Error evaluating move f8e8: san() and lan() expect move to be legal or null, but got f8e8 in rn1qr1k1/pb3ppp/3bpn2/1p1p2B1/3P4/1B1Q1N2/PPP2PPP/RN2R1K1 w - - 5 11
2025-11-01 22:51:09,032 - analyzers.stockfish_analyzer - ERROR - Error evaluating move d8b6: san() and lan() expect move to be legal or null, but got d8b6 in r3r1k1/p2n1ppp/1qbbpn2/3p2B1/3P4/1B1Q1N2/PPPN1PPP/R3R1K1 w - - 5 14
2025-11-01 22:51:09,222 - analyzers.stockfish_analyzer - ERROR - Error evaluating move e6e5: san() and lan() expect move to be legal or null, but got e6e5 in r3r1k1/p2n1ppp/1qbb1n2/3pp1B1/3P4/1B1Q1N2/PPP2PPP/R3RNK1 w - - 0 15
2025-11-01 22:51:09,565 - analyzers.stockfish_analyzer - ERROR - Error evaluating move e5b2: san() and lan() expect move to be legal or null, but got e5b2 in r3r1k1/p4ppp/1qb2B2/3p4/8/1B1Q4/PbP2PPP/R3RNK1 w - - 0 18
2025-11-01 22:51:10,391 - analyzers.stockfish_analyzer - ERROR - Error evaluating move e8e2: san() and lan() expect move to be legal or null, but got e8e2 in 6k1/pQ3pp1/5b1p/8/3q4/7P/P1P1rPP1/1R3NK1 w - - 1 24
2025-11-01 22:51:10,666 - analyzers.stockfish_analyzer - ERROR - Error evaluating move f6h4: san() and lan() expect move to be legal or null, but got f6h4 in 8/p4p1k/6pp/8/3q3b/5Q1P/P1P1rPP1/1R3NK1 w - - 2 27
2025-11-01 22:51:10,947 - analyzers.stockfish_analyzer - ERROR - Error evaluating move e2e1: san() and lan() expect move to be legal or null, but got e2e1 in 8/p4p1k/6pp/8/3q4/6QP/P1P2PP1/1R2r1K1 w - - 1 29
2025-11-01 22:51:10,980 - analyzers.stockfish_analyzer - ERROR - Error evaluating move d4b2: san() and lan() expect move to be legal or null, but got d4b2 in 8/p4p1k/6pp/8/8/6QP/PqP2PP1/4R1K1 w - - 1 30
2025-11-01 22:51:11,019 - analyzers.stockfish_analyzer - ERROR - Error evaluating move f7f5: san() and lan() expect move to be legal or null, but got f7f5 in 8/p6k/6pp/5p2/8/6QP/PqP2PPK/4R3 w - - 0 31
2025-11-01 22:51:11,141 - analyzers.stockfish_analyzer - ERROR - Error evaluating move b2f6: san() and lan() expect move to be legal or null, but got b2f6 in 4R3/p7/5qpp/8/6pk/8/P1P2PQK/8 w - - 4 40
2025-11-01 22:51:11,157 - analyzers.performance_calculator - INFO - Analyzing game 34/50: v7p3r vs e_gisselin
2025-11-01 22:51:12,083 - analyzers.stockfish_analyzer - ERROR - Error evaluating move c1e3: san() and lan() expect move to be legal or null, but got c1e3 in r1bq1rk1/pppp1ppp/2n2n2/2b1p3/2B1P3/2NPBN2/PPP2PPP/R2QK2R b KQ - 2 6
2025-11-01 22:51:12,659 - analyzers.stockfish_analyzer - ERROR - Error evaluating move b3d5: san() and lan() expect move to be legal or null, but got b3d5 in r1bq1rk1/2pp1ppp/p4n2/np1Bp3/4P3/2NPPN2/PPP3PP/R2Q1RK1 b - - 3 10
2025-11-01 22:51:12,859 - analyzers.stockfish_analyzer - ERROR - Error evaluating move d3d4: san() and lan() expect move to be legal or null, but got d3d4 in r1bq1rk1/2p2ppp/p2p4/np1Pp3/3P4/2N1PN2/PPP3PP/R2Q1RK1 b - - 0 12
2025-11-01 22:51:13,002 - analyzers.stockfish_analyzer - ERROR - Error evaluating move d4e5: san() and lan() expect move to be legal or null, but got d4e5 in r1bq1rk1/2p2ppp/p2p4/1p1PP3/2n5/2N1PN2/PPP3PP/R2Q1RK1 b - - 0 13
2025-11-01 22:51:13,261 - analyzers.stockfish_analyzer - ERROR - Error evaluating move b2b4: san() and lan() expect move to be legal or null, but got b2b4 in r2qr1k1/2p2ppp/p2p4/1p1PP3/1P4b1/P1N2N2/2P1Q1PP/5RK1 b - - 0 17
2025-11-01 22:51:13,345 - analyzers.stockfish_analyzer - ERROR - Error evaluating move h2h3: san() and lan() expect move to be legal or null, but got h2h3 in r2q2k1/2p2ppp/p2p4/1p1P1r2/1P4b1/P1N2N1P/2P2QP1/5RK1 b - - 0 19
2025-11-01 22:51:13,412 - analyzers.stockfish_analyzer - ERROR - Error evaluating move f2g3: san() and lan() expect move to be legal or null, but got f2g3 in r5k1/2p2ppp/p2p1q2/1p1P1r2/1P6/P1N2PQP/2P5/5RK1 b - - 2 21
2025-11-01 22:51:13,432 - analyzers.stockfish_analyzer - ERROR - Error evaluating move g1g2: san() and lan() expect move to be legal or null, but got g1g2 in r5k1/2p2ppp/p2p1q2/1p1P2r1/1P6/P1N2PQP/2P3K1/5R2 b - - 4 22
2025-11-01 22:51:13,463 - analyzers.stockfish_analyzer - ERROR - Error evaluating move f1e1: san() and lan() expect move to be legal or null, but got f1e1 in r5k1/2p2ppp/p2p4/1p1P4/1P6/P1q2PKP/2P5/4R3 b - - 1 24
2025-11-01 22:51:13,464 - analyzers.performance_calculator - INFO - Analyzing game 35/50: v7p3r vs firmantanjung
2025-11-01 22:51:13,826 - analyzers.stockfish_analyzer - ERROR - Error evaluating move d2d3: san() and lan() expect move to be legal or null, but got d2d3 in rnbqkbnr/pp2pppp/3p4/2p5/4P3/2NP4/PPP2PPP/R1BQKBNR b KQkq - 0 3
2025-11-01 22:51:13,987 - analyzers.stockfish_analyzer - ERROR - Error evaluating move c1e3: san() and lan() expect move to be legal or null, but got c1e3 in r1bqkbnr/pp2pppp/2np4/2p5/4P3/2NPB3/PPP2PPP/R2QKBNR b KQkq - 2 4
2025-11-01 22:51:14,204 - analyzers.stockfish_analyzer - ERROR - Error evaluating move d1e2: san() and lan() expect move to be legal or null, but got d1e2 in r1bqkb1r/pp2pppp/2np1n2/2p5/4P3/2NPB3/PPP1QPPP/R3KBNR b KQkq - 4 5
2025-11-01 22:51:14,836 - analyzers.stockfish_analyzer - ERROR - Error evaluating move e1c1: san() and lan() expect move to be legal or null, but got e1c1 in r2qk2r/pp2bppp/2nppn2/2p5/4P3/2NPB3/PPPQNPPP/2KR3R b kq - 2 9
2025-11-01 22:51:15,106 - analyzers.stockfish_analyzer - ERROR - Error evaluating move h2h3: san() and lan() expect move to be legal or null, but got h2h3 in r2q1rk1/pp2bppp/2nppn2/2p5/4P3/2NPB2P/PPPQNPP1/2KR3R b - - 0 10
2025-11-01 22:51:15,973 - analyzers.stockfish_analyzer - ERROR - Error evaluating move h3h4: san() and lan() expect move to be legal or null, but got h3h4 in r2q1rk1/1p1nbppp/2npp3/1Np5/p3P1PP/3PB3/PPPQNP2/2KR3R b - - 0 13
2025-11-01 22:51:16,479 - analyzers.stockfish_analyzer - ERROR - Error evaluating move d1g1: san() and lan() expect move to be legal or null, but got d1g1 in 5rk1/1p1nbppp/2npp3/1qp3P1/p3P2P/3PB3/PPPQ1P2/2K3RR b - - 1 17
2025-11-01 22:51:16,592 - analyzers.stockfish_analyzer - ERROR - Error evaluating move h4h5: san() and lan() expect move to be legal or null, but got h4h5 in 5rk1/1p2bppp/2npp3/1qp1n1PP/4P3/pP1PB3/P1PQ1P2/2K3RR b - - 0 19
2025-11-01 22:51:16,864 - analyzers.stockfish_analyzer - ERROR - Error evaluating move g6h7: san() and lan() expect move to be legal or null, but got g6h7 in r5k1/1p2bppP/1q1pp3/2p4P/2PnP3/pP1PB3/P4P2/2K3QR b - - 0 24
2025-11-01 22:51:16,994 - analyzers.stockfish_analyzer - ERROR - Error evaluating move e3g5: san() and lan() expect move to be legal or null, but got e3g5 in r6k/1p2bp1P/1q1pp1pP/2p3B1/2PnP3/pP1P4/P4P2/2K3QR b - - 1 26
2025-11-01 22:51:17,092 - analyzers.performance_calculator - INFO - Analyzing game 36/50: Txusko vs v7p3r
2025-11-01 22:51:17,092 - analyzers.performance_calculator - INFO - Analyzing game 37/50: mohamedlebossdu vs v7p3r
2025-11-01 22:51:17,580 - analyzers.stockfish_analyzer - ERROR - Error evaluating move c8g4: san() and lan() expect move to be legal or null, but got c8g4 in r2qkb1r/pp2pp1p/2n2n2/7p/2P3b1/8/PPP2PPP/RNB1K2R w KQkq - 1 11
2025-11-01 22:51:17,596 - analyzers.performance_calculator - INFO - Analyzing game 38/50: v7p3r vs MarkiyanMatskiv
2025-11-01 22:51:19,308 - analyzers.stockfish_analyzer - ERROR - Error evaluating move f1e1: san() and lan() expect move to be legal or null, but got f1e1 in r1bq1rk1/ppp2ppp/3p4/2bNp3/2P1P3/5N2/PPP2PPP/R2QR1K1 b - - 2 11
2025-11-01 22:51:20,419 - analyzers.stockfish_analyzer - ERROR - Error evaluating move a2a4: san() and lan() expect move to be legal or null, but got a2a4 in 3r1rk1/pp3ppp/2ppb3/q7/P1PRP3/1PN4P/2PQ1PP1/R5K1 b - - 0 20
2025-11-01 22:51:20,520 - analyzers.stockfish_analyzer - ERROR - Error evaluating move a1d1: san() and lan() expect move to be legal or null, but got a1d1 in 3r1rk1/p4ppp/3pb3/qpp5/P1P1P3/1PNR3P/2PQ1PP1/3R2K1 b - - 1 22
2025-11-01 22:51:20,621 - analyzers.stockfish_analyzer - ERROR - Error evaluating move d3d6: san() and lan() expect move to be legal or null, but got d3d6 in 3r1rk1/p4ppp/3Rb3/q1p5/P1p1P3/1PN4P/2PQ1PP1/3R2K1 b - - 0 23
2025-11-01 22:51:20,701 - analyzers.stockfish_analyzer - ERROR - Error evaluating move d6d8: san() and lan() expect move to be legal or null, but got d6d8 in 3Q1rk1/p4ppp/4b3/2p5/P1p1P3/1Pq4P/2P2PP1/3R2K1 b - - 1 25
2025-11-01 22:51:20,721 - analyzers.performance_calculator - INFO - Analyzing game 39/50: v7p3r vs Agagon123456789
2025-11-01 22:51:21,198 - analyzers.stockfish_analyzer - ERROR - Error evaluating move d2d3: san() and lan() expect move to be legal or null, but got d2d3 in rnbqkbnr/ppp2ppp/8/3pp3/4P3/2NP4/PPP2PPP/R1BQKBNR b KQkq - 0 3
2025-11-01 22:51:21,608 - analyzers.stockfish_analyzer - ERROR - Error evaluating move f2f4: san() and lan() expect move to be legal or null, but got f2f4 in rnb1k1nr/ppp1bppp/8/4p3/4PP2/8/PPP3PP/R1BNKBNR b KQkq - 0 6
2025-11-01 22:51:21,934 - analyzers.stockfish_analyzer - ERROR - Error evaluating move f1b5: san() and lan() expect move to be legal or null, but got f1b5 in r3k1nr/pppbbppp/2n5/1B2P3/4P3/8/PPP3PP/R1BNK1NR b KQkq - 2 8
2025-11-01 22:51:22,267 - analyzers.stockfish_analyzer - ERROR - Error evaluating move c2c3: san() and lan() expect move to be legal or null, but got c2c3 in r5nr/pppkbppp/8/4n3/4P3/2P5/PP4PP/R1BNK1NR b KQ - 0 10
2025-11-01 22:51:22,656 - analyzers.stockfish_analyzer - ERROR - Error evaluating move e3a7: san() and lan() expect move to be legal or null, but got e3a7 in 3r3r/Bppkbppp/5n2/4n3/4P3/2P5/PP4PP/R2NK1NR b KQ - 0 12
2025-11-01 22:51:23,463 - analyzers.stockfish_analyzer - ERROR - Error evaluating move f3e5: san() and lan() expect move to be legal or null, but got f3e5 in 2kr3r/1pp1bpp1/2nn3p/4N3/8/2P1B3/PP3NPP/2KR3R b - - 5 17
2025-11-01 22:51:23,506 - analyzers.stockfish_analyzer - ERROR - Error evaluating move e3a7: san() and lan() expect move to be legal or null, but got e3a7 in 2kr3r/Bpp1bpp1/3n3p/4n3/8/2P5/PP3NPP/2KR3R b - - 1 18
2025-11-01 22:51:23,632 - analyzers.stockfish_analyzer - ERROR - Error evaluating move h1d1: san() and lan() expect move to be legal or null, but got h1d1 in 2kr4/Bpp2pp1/7p/4n3/2n2b1P/2P5/PP3NP1/1K1R4 b - - 1 22
2025-11-01 22:51:23,695 - analyzers.stockfish_analyzer - ERROR - Error evaluating move b2b3: san() and lan() expect move to be legal or null, but got b2b3 in 2k5/1pp3p1/5p1p/4n3/2nB1b1P/1PP5/P2r1NP1/1K1R4 b - - 0 24
2025-11-01 22:51:24,003 - analyzers.stockfish_analyzer - ERROR - Error evaluating move e1e2: san() and lan() expect move to be legal or null, but got e1e2 in 2k5/2p5/1p5p/1P4p1/5bP1/2P5/PK2RB2/8 b - - 3 33
2025-11-01 22:51:24,118 - analyzers.stockfish_analyzer - ERROR - Error evaluating move h8e8: san() and lan() expect move to be legal or null, but got h8e8 in 4Q3/1kp5/1p1b4/1P6/3B4/2P3p1/PK2R3/8 b - - 2 40
2025-11-01 22:51:24,147 - analyzers.performance_calculator - INFO - Analyzing game 40/50: davii507 vs v7p3r
2025-11-01 22:51:24,797 - analyzers.stockfish_analyzer - ERROR - Error evaluating move c8g4: san() and lan() expect move to be legal or null, but got c8g4 in r2qkbnr/ppp1nppp/3p4/3Pp3/4P1b1/2N2N2/PPP2PPP/R1BQKB1R w KQkq - 3 6
2025-11-01 22:51:25,102 - analyzers.stockfish_analyzer - ERROR - Error evaluating move g7g6: san() and lan() expect move to be legal or null, but got g7g6 in r2qkb1r/ppp1np1p/3p1np1/3Pp3/4P3/2N2B1P/PPP2PP1/R1BQK2R w KQkq - 0 9
2025-11-01 22:51:25,220 - analyzers.stockfish_analyzer - ERROR - Error evaluating move d8d7: san() and lan() expect move to be legal or null, but got d8d7 in r3kb1r/pppqnp1p/3p1np1/3Pp3/4P3/2N2B1P/PPP2PP1/R1BQ1RK1 w kq - 2 10
2025-11-01 22:51:25,443 - analyzers.stockfish_analyzer - ERROR - Error evaluating move c7c5: san() and lan() expect move to be legal or null, but got c7c5 in r3k2r/pp1qnpbp/3p1np1/2pPp1B1/4P3/2N2B1P/PPP1QPP1/R4RK1 w kq c6 0 12
2025-11-01 22:51:26,281 - analyzers.stockfish_analyzer - ERROR - Error evaluating move e8c8: san() and lan() expect move to be legal or null, but got e8c8 in 2kr3r/1p2npb1/pq1p2pp/2pPp3/4P1P1/N3B3/PPP1QPP1/1R3RK1 w - - 2 18
2025-11-01 22:51:26,323 - analyzers.stockfish_analyzer - ERROR - Error evaluating move c5b4: san() and lan() expect move to be legal or null, but got c5b4 in 2kr3r/1p2npb1/pq1p2pp/3Pp3/1p2P1P1/N3B3/P1P1QPP1/1R3RK1 w - - 0 19
2025-11-01 22:51:26,350 - analyzers.stockfish_analyzer - ERROR - Error evaluating move b4a3: san() and lan() expect move to be legal or null, but got b4a3 in 2kr3r/1p2npb1/pB1p2pp/3Pp3/4P1P1/p7/P1P1QPP1/1R3RK1 w - - 0 20
2025-11-01 22:51:26,374 - analyzers.stockfish_analyzer - ERROR - Error evaluating move h6h5: san() and lan() expect move to be legal or null, but got h6h5 in 2kB3r/1p2npb1/p2p2p1/3Pp2p/4P1P1/p7/P1P1QPP1/1R3RK1 w - - 0 21
2025-11-01 22:51:26,468 - analyzers.stockfish_analyzer - ERROR - Error evaluating move g7h6: san() and lan() expect move to be legal or null, but got g7h6 in 7r/1p1k1p2/pR1B2pb/3Pp3/4P3/p5P1/P1P1Q1P1/5RK1 w - - 1 25
2025-11-01 22:51:26,488 - analyzers.performance_calculator - INFO - Analyzing game 41/50: GhostsofWar vs v7p3r
2025-11-01 22:51:26,632 - analyzers.stockfish_analyzer - ERROR - Error evaluating move d7d5: san() and lan() expect move to be legal or null, but got d7d5 in rnbqkbnr/ppp1pppp/8/3p4/4P3/8/PPPP1PPP/RNBQKBNR w KQkq - 0 2
2025-11-01 22:51:27,417 - analyzers.stockfish_analyzer - ERROR - Error evaluating move e7e5: san() and lan() expect move to be legal or null, but got e7e5 in r3kbnr/pppb1ppp/2n5/1B2p3/4P3/5P2/PPP1N1PP/RNBK3R w kq - 0 8
2025-11-01 22:51:27,610 - analyzers.stockfish_analyzer - ERROR - Error evaluating move f7f6: san() and lan() expect move to be legal or null, but got f7f6 in r3kbnr/pppb2pp/2n2p2/1B2p1B1/4P3/5P2/PPP1N1PP/RN1K3R w kq - 0 9
2025-11-01 22:51:27,934 - analyzers.stockfish_analyzer - ERROR - Error evaluating move f8h6: san() and lan() expect move to be legal or null, but got f8h6 in 2kr2nr/pppb3p/2n2ppb/1B2p3/4P3/4BPN1/PPP1K1PP/RN5R w - - 2 12
2025-11-01 22:51:28,054 - analyzers.stockfish_analyzer - ERROR - Error evaluating move g8e7: san() and lan() expect move to be legal or null, but got g8e7 in 2kr3r/pppbn2p/5ppb/1B2p3/4PP2/6P1/PP3K1P/nN1R1N2 w - - 1 19
2025-11-01 22:51:28,101 - analyzers.stockfish_analyzer - ERROR - Error evaluating move f8f6: san() and lan() expect move to be legal or null, but got f8f6 in 2kr4/pppbn2p/5rpb/4p3/2B1P3/6P1/PP4KP/nN1R1N2 w - - 4 22
2025-11-01 22:51:28,118 - analyzers.stockfish_analyzer - ERROR - Error evaluating move g6g5: san() and lan() expect move to be legal or null, but got g6g5 in 2kr4/pppbn2p/5r1b/4p1p1/2B1P3/4N1P1/PP4KP/nN1R4 w - - 0 23
2025-11-01 22:51:28,137 - analyzers.stockfish_analyzer - ERROR - Error evaluating move h6g7: san() and lan() expect move to be legal or null, but got h6g7 in 2kr4/pppbn1bp/5r2/4p1p1/2B1P1N1/6P1/PP4KP/nN1R4 w - - 2 24
2025-11-01 22:51:28,196 - analyzers.stockfish_analyzer - ERROR - Error evaluating move d7c6: san() and lan() expect move to be legal or null, but got d7c6 in 2k2r2/ppp1n2p/2b2b2/4p1p1/2B1P3/2N3P1/PP4KP/n4R2 w - - 4 27
2025-11-01 22:51:28,223 - analyzers.stockfish_analyzer - ERROR - Error evaluating move g5g4: san() and lan() expect move to be legal or null, but got g5g4 in 2k2r2/ppp1n2p/2b2b2/4p3/2B1P1p1/2N3P1/PP4KP/R7 w - - 0 28
2025-11-01 22:51:28,266 - analyzers.stockfish_analyzer - ERROR - Error evaluating move f8d8: san() and lan() expect move to be legal or null, but got f8d8 in 2kr4/ppp1n2p/2b2b2/4p3/1PB1P1p1/2N3P1/P5KP/R7 w - - 1 29
2025-11-01 22:51:28,471 - analyzers.stockfish_analyzer - ERROR - Error evaluating move d4c4: san() and lan() expect move to be legal or null, but got d4c4 in 1k6/ppp1n2p/2b1Bb2/4p3/PPr1P1p1/2N3P1/6KP/5R2 w - - 5 32
2025-11-01 22:51:28,625 - analyzers.stockfish_analyzer - ERROR - Error evaluating move c4b4: san() and lan() expect move to be legal or null, but got c4b4 in 1k6/ppp1n2p/4Bb2/3Pp3/Pr4p1/6P1/6KP/5R2 w - - 0 34
2025-11-01 22:51:28,931 - analyzers.stockfish_analyzer - ERROR - Error evaluating move h7h5: san() and lan() expect move to be legal or null, but got h7h5 in 1k6/ppp1n3/4BR2/3Pp2p/P5p1/6P1/1r5P/5K2 w - - 0 36
2025-11-01 22:51:29,027 - analyzers.stockfish_analyzer - ERROR - Error evaluating move b7b6: san() and lan() expect move to be legal or null, but got b7b6 in 1kB2R2/2p5/pp6/P2Pp2p/6p1/6P1/1r5P/5K2 w - - 0 39
2025-11-01 22:51:29,605 - analyzers.performance_calculator - INFO - Analyzing game 42/50: v7p3r vs amaamame
2025-11-01 22:51:30,089 - analyzers.stockfish_analyzer - ERROR - Error evaluating move f1c4: san() and lan() expect move to be legal or null, but got f1c4 in rnbqkbnr/pp1p1ppp/2p1p3/8/2B1P3/2N5/PPPP1PPP/R1BQK1NR b KQkq - 1 3
2025-11-01 22:51:30,520 - analyzers.stockfish_analyzer - ERROR - Error evaluating move e4e5: san() and lan() expect move to be legal or null, but got e4e5 in rnbqkbnr/5ppp/p1p1p3/1p1pP3/8/1BNP4/PPP2PPP/R1BQK1NR b KQkq - 0 6
2025-11-01 22:51:30,927 - analyzers.stockfish_analyzer - ERROR - Error evaluating move e5f6: san() and lan() expect move to be legal or null, but got e5f6 in rnbqkbnr/6pp/p1p1pP2/1p1p4/8/1BNP4/PPP2PPP/R1BQK1NR b KQkq - 0 7
2025-11-01 22:51:31,311 - analyzers.stockfish_analyzer - ERROR - Error evaluating move c1h6: san() and lan() expect move to be legal or null, but got c1h6 in rnbq1bnr/3k3p/p1p1pp1B/1p1p3Q/8/1BNP4/PPP2PPP/R3K1NR b KQ - 3 9
2025-11-01 22:51:31,355 - analyzers.stockfish_analyzer - ERROR - Error evaluating move d3d4: san() and lan() expect move to be legal or null, but got d3d4 in rnbq1b1r/3k3p/p1p1pp1n/1p1p3Q/3P4/1BN5/PPP2PPP/R3K1NR b KQ - 0 10
2025-11-01 22:51:31,398 - analyzers.stockfish_analyzer - ERROR - Error evaluating move g2g3: san() and lan() expect move to be legal or null, but got g2g3 in rnbq1br1/3k3p/p1p1pp1n/1p1p3Q/3P4/1BN3P1/PPP2P1P/R3K1NR b KQ - 0 11
2025-11-01 22:51:31,638 - analyzers.stockfish_analyzer - ERROR - Error evaluating move e1c1: san() and lan() expect move to be legal or null, but got e1c1 in rnb2b2/3kq1rp/p1p1pp1Q/1p1p4/3P4/1BN3P1/PPP2P1P/2KR2NR b - - 2 13
2025-11-01 22:51:31,809 - analyzers.stockfish_analyzer - ERROR - Error evaluating move h6h3: san() and lan() expect move to be legal or null, but got h6h3 in rnbk1b2/4q1rp/p1p1pp2/1p1p4/3P4/1BN3PQ/PPP2P1P/2KR2NR b - - 4 14
2025-11-01 22:51:32,116 - analyzers.stockfish_analyzer - ERROR - Error evaluating move g1f3: san() and lan() expect move to be legal or null, but got g1f3 in rnbk1b2/6rp/p1p1qp2/1p1pp3/3P4/1BN2NP1/PPP2PQP/2KR3R b - - 3 16
2025-11-01 22:51:32,890 - analyzers.stockfish_analyzer - ERROR - Error evaluating move f3f4: san() and lan() expect move to be legal or null, but got f3f4 in rnbk4/4r2p/p1p2p1b/1p1p2q1/3PpP2/1BN3P1/PPP3QP/1K1RR1N1 b - - 0 21
2025-11-01 22:51:33,673 - analyzers.stockfish_analyzer - ERROR - Error evaluating move e1f1: san() and lan() expect move to be legal or null, but got e1f1 in r1bk4/3nr2p/p1p2pqb/1p1p4/3PpPP1/1BN4P/PPP3Q1/1K1R1RN1 b - - 2 24
2025-11-01 22:51:34,562 - analyzers.stockfish_analyzer - ERROR - Error evaluating move g1f3: san() and lan() expect move to be legal or null, but got g1f3 in r1bk4/4r1qp/pnp2p1b/1p1p1P2/3P2PP/1BN1pNQ1/PPP5/1K1R1R2 b - - 2 28
2025-11-01 22:51:35,265 - analyzers.stockfish_analyzer - ERROR - Error evaluating move f1e1: san() and lan() expect move to be legal or null, but got f1e1 in r1b3Q1/2k1q2p/pnp5/1p1p1P2/3P4/1B3N2/PPP1r3/1K1RR3 b - - 4 34
2025-11-01 22:51:35,383 - analyzers.stockfish_analyzer - ERROR - Error evaluating move f3e5: san() and lan() expect move to be legal or null, but got f3e5 in r5Q1/2k1q2p/pnp5/1p1pNb2/3P4/1B6/PPP1r3/1K1RR3 b - - 1 35
2025-11-01 22:51:35,442 - analyzers.stockfish_analyzer - ERROR - Error evaluating move e2e1: san() and lan() expect move to be legal or null, but got e2e1 in 6r1/2knq2p/p1p5/1p1pNb2/3P4/1B6/PPP5/1K1RR3 b - - 2 37
2025-11-01 22:51:35,996 - analyzers.stockfish_analyzer - ERROR - Error evaluating move e1e6: san() and lan() expect move to be legal or null, but got e1e6 in 8/4R2p/p1pkR3/1p1p4/3q2b1/1B6/PPP5/1K6 b - - 3 43
2025-11-01 22:51:36,065 - analyzers.stockfish_analyzer - ERROR - Error evaluating move e7c7: san() and lan() expect move to be legal or null, but got e7c7 in 8/2R4p/p1p1R3/1pkp4/3q2b1/1B6/PPP5/1K6 b - - 5 44
2025-11-01 22:51:36,065 - analyzers.performance_calculator - INFO - Analyzing game 43/50: Mateo-BOT vs v7p3r
2025-11-01 22:51:36,906 - analyzers.stockfish_analyzer - ERROR - Error evaluating move c6d4: san() and lan() expect move to be legal or null, but got c6d4 in r1bk1bnr/pp2pppp/8/2P3B1/2pnP3/8/PP3PPP/RN2KBNR w KQ - 3 7
2025-11-01 22:51:37,424 - analyzers.stockfish_analyzer - ERROR - Error evaluating move a1c2: san() and lan() expect move to be legal or null, but got a1c2 in r1bk1b1r/pp2pppp/8/2n1P1B1/2pN4/2N1K3/PPn2PPP/5B1R w - - 2 13
2025-11-01 22:51:37,532 - analyzers.stockfish_analyzer - ERROR - Error evaluating move g7g6: san() and lan() expect move to be legal or null, but got g7g6 in r1bk1b1r/pp2pp1p/6p1/2n1P1B1/2p5/2N1K3/PPN2PPP/5B1R w - - 0 14
2025-11-01 22:51:37,933 - analyzers.stockfish_analyzer - ERROR - Error evaluating move a8b8: san() and lan() expect move to be legal or null, but got a8b8 in 1r1k1b1r/pp1npp1p/4b1p1/3BP1B1/1P6/2N1K3/P1N2PPP/7R w - - 3 17
2025-11-01 22:51:38,512 - analyzers.stockfish_analyzer - ERROR - Error evaluating move f8g7: san() and lan() expect move to be legal or null, but got f8g7 in 1r2k2r/pp2p1bp/4N1p1/4n1B1/1P2K3/2N5/P4PPP/7R w - - 3 21
2025-11-01 22:51:38,719 - analyzers.stockfish_analyzer - ERROR - Error evaluating move e5d3: san() and lan() expect move to be legal or null, but got e5d3 in 1r5r/pp2pkNp/6p1/8/1P2K3/2Nn4/P4PPP/2B4R w - - 3 23
2025-11-01 22:51:38,860 - analyzers.stockfish_analyzer - ERROR - Error evaluating move b8d8: san() and lan() expect move to be legal or null, but got b8d8 in 3r3r/pp2p1kp/6p1/8/1P6/2NK1P2/P5PP/2B4R w - - 1 25
2025-11-01 22:51:38,922 - analyzers.stockfish_analyzer - ERROR - Error evaluating move e7e5: san() and lan() expect move to be legal or null, but got e7e5 in 3r3r/pp4kp/6p1/4p3/1P6/2N1KP2/P5PP/2B4R w - - 0 26
2025-11-01 22:51:39,127 - analyzers.stockfish_analyzer - ERROR - Error evaluating move d8e8: san() and lan() expect move to be legal or null, but got d8e8 in 4r2r/pp4kp/6p1/4p3/1P3P2/2N1K3/P5PP/2B4R w - - 1 27
2025-11-01 22:51:39,587 - analyzers.stockfish_analyzer - ERROR - Error evaluating move g6g5: san() and lan() expect move to be legal or null, but got g6g5 in 4r2r/pp4kp/8/6p1/1P3p2/5K2/P5PP/1NB4R w - - 0 29
2025-11-01 22:51:39,858 - analyzers.stockfish_analyzer - ERROR - Error evaluating move h7h6: san() and lan() expect move to be legal or null, but got h7h6 in 7r/pp6/6kp/6p1/1P3p2/5KP1/P6P/1N5R w - - 0 32
2025-11-01 22:51:40,225 - analyzers.stockfish_analyzer - ERROR - Error evaluating move f8d8: san() and lan() expect move to be legal or null, but got f8d8 in 3r4/3N4/p6p/1p3kp1/1P3p2/5KP1/P6P/3R4 w - - 4 37
2025-11-01 22:51:40,815 - analyzers.stockfish_analyzer - ERROR - Error evaluating move h1f1: san() and lan() expect move to be legal or null, but got h1f1 in 8/8/N7/8/1Pk5/6K1/8/q4q2 w - - 2 56
2025-11-01 22:51:40,826 - analyzers.stockfish_analyzer - ERROR - Error evaluating move a1g7: san() and lan() expect move to be legal or null, but got a1g7 in 8/6q1/N7/8/1Pk4K/8/8/5q2 w - - 4 57
2025-11-01 22:51:40,831 - analyzers.performance_calculator - INFO - Analyzing game 44/50: v7p3r vs Wendy-BOT
2025-11-01 22:51:42,462 - analyzers.stockfish_analyzer - ERROR - Error evaluating move e5f6: san() and lan() expect move to be legal or null, but got e5f6 in r2qkb1r/2p3pp/p4P2/3p4/2p5/5N1P/PPP2P1P/R1BQK2R b KQkq - 0 13
2025-11-01 22:51:42,577 - analyzers.stockfish_analyzer - ERROR - Error evaluating move c1f4: san() and lan() expect move to be legal or null, but got c1f4 in r2qk2r/2p1b2p/p4p2/3p4/2p2B2/5N1P/PPP1QP1P/R3K2R b KQkq - 3 15
2025-11-01 22:51:42,623 - analyzers.stockfish_analyzer - ERROR - Error evaluating move e1c1: san() and lan() expect move to be legal or null, but got e1c1 in rq2k2r/2p1b2p/p4p2/3p4/2p2B2/5N1P/PPP1QP1P/2KR3R b kq - 5 16
2025-11-01 22:51:42,821 - analyzers.stockfish_analyzer - ERROR - Error evaluating move d7e7: san() and lan() expect move to be legal or null, but got d7e7 in 2r2k1r/4R3/p1p2p1p/3p4/2p2B2/5N1P/PPP1QP1P/2K1R3 b - - 1 22
2025-11-01 22:51:42,843 - analyzers.stockfish_analyzer - ERROR - Error evaluating move e7e8: san() and lan() expect move to be legal or null, but got e7e8 in 3rRk1r/8/p1pB1p1p/3p4/2p5/5N1P/PPP1QP1P/2K1R3 b - - 5 24
2025-11-01 22:51:42,871 - analyzers.stockfish_analyzer - ERROR - Error evaluating move e8h8: san() and lan() expect move to be legal or null, but got e8h8 in 3r3R/4Q3/p1pB1p1p/3p3k/2p5/5N1P/PPP2P1P/2K3R1 b - - 0 27
2025-11-01 22:51:42,881 - analyzers.performance_calculator - INFO - Analyzing game 45/50: v7p3r vs joeystacks23
2025-11-01 22:51:43,926 - analyzers.stockfish_analyzer - ERROR - Error evaluating move d1e2: san() and lan() expect move to be legal or null, but got d1e2 in r1bqk2r/ppp2pp1/2np1n1p/2b1p3/2B1P3/P1NP1N2/1PP1QPPP/R1B1K2R b KQkq - 1 7
2025-11-01 22:51:44,073 - analyzers.stockfish_analyzer - ERROR - Error evaluating move c1h6: san() and lan() expect move to be legal or null, but got c1h6 in r1bq1rk1/ppp2pp1/2np1n1B/2b1p3/2B1P3/P1NP1N2/1PP1QPPP/R3K2R b KQ - 0 8
2025-11-01 22:51:44,129 - analyzers.stockfish_analyzer - ERROR - Error evaluating move f3h4: san() and lan() expect move to be legal or null, but got f3h4 in r1bq1rk1/ppp2p2/2np1n1p/2b1p3/2B1P2N/P1NP4/1PP1QPPP/R3K2R b KQ - 1 9
2025-11-01 22:51:44,218 - analyzers.stockfish_analyzer - ERROR - Error evaluating move e2g4: san() and lan() expect move to be legal or null, but got e2g4 in r1b2rk1/ppp2p2/2np3p/2b1p3/2B1P1Qq/P1NP3P/1PP2PP1/R3K2R b KQ - 0 11
2025-11-01 22:51:44,262 - analyzers.stockfish_analyzer - ERROR - Error evaluating move c3e2: san() and lan() expect move to be legal or null, but got c3e2 in r4rk1/ppp2p2/2np3p/2b1p2q/2B1P1b1/P2P2PP/1PP1NP2/R3K2R b KQ - 2 13
2025-11-01 22:51:44,325 - analyzers.stockfish_analyzer - ERROR - Error evaluating move h3h4: san() and lan() expect move to be legal or null, but got h3h4 in r4rk1/ppp2p2/2np3p/2b1p2q/2BPb2P/P5P1/1PP2P2/R3K1R1 b Q - 0 16
2025-11-01 22:51:44,368 - analyzers.stockfish_analyzer - ERROR - Error evaluating move f2f4: san() and lan() expect move to be legal or null, but got f2f4 in r4rk1/ppp2p2/2np3p/4pq2/3bbP1P/P5P1/1PP1B3/R3K1R1 b Q - 0 18
2025-11-01 22:51:44,396 - analyzers.stockfish_analyzer - ERROR - Error evaluating move a1b1: san() and lan() expect move to be legal or null, but got a1b1 in r4rk1/ppp2p2/2np3p/4pq2/4bP1P/P5P1/1bP1B3/1R2K1R1 b - - 1 19
2025-11-01 22:51:44,448 - analyzers.stockfish_analyzer - ERROR - Error evaluating move b1b7: san() and lan() expect move to be legal or null, but got b1b7 in r4rk1/pRp2p2/3p3p/4pq2/3n1P1P/P1b3P1/2b1B3/2K3R1 b - - 0 22
2025-11-01 22:51:44,458 - analyzers.stockfish_analyzer - ERROR - Error evaluating move b7c7: san() and lan() expect move to be legal or null, but got b7c7 in 1r3rk1/p1R2p2/3p3p/4pq2/3n1P1P/P1b3P1/2b1B3/2K3R1 b - - 0 23
2025-11-01 22:51:44,459 - analyzers.performance_calculator - INFO - Analyzing game 46/50: birds2000 vs v7p3r
2025-11-01 22:51:45,314 - analyzers.stockfish_analyzer - ERROR - Error evaluating move f8c5: san() and lan() expect move to be legal or null, but got f8c5 in r1bqk1nr/pp1n1ppp/2p1p3/2bp4/6P1/5N1P/PPPPPPB1/RNBQ1RK1 w kq - 2 6
2025-11-01 22:51:45,526 - analyzers.stockfish_analyzer - ERROR - Error evaluating move b7b5: san() and lan() expect move to be legal or null, but got b7b5 in r1bqk1nr/p4ppp/2p1p3/1pbpn3/6P1/4P2P/PPPP1PB1/RNBQ1RK1 w kq - 0 8
2025-11-01 22:51:45,589 - analyzers.stockfish_analyzer - ERROR - Error evaluating move a7a6: san() and lan() expect move to be legal or null, but got a7a6 in r1bqk1nr/5ppp/p1p1p3/1pbpn3/6P1/2N1P2P/PPPP1PB1/R1BQ1RK1 w kq - 0 9
2025-11-01 22:51:45,655 - analyzers.stockfish_analyzer - ERROR - Error evaluating move d5d4: san() and lan() expect move to be legal or null, but got d5d4 in r1bqk1nr/5ppp/p1p1p3/1pb1n3/1P1p2P1/2N1P2P/P1PP1PB1/R1BQ1RK1 w kq - 0 10
2025-11-01 22:51:45,853 - analyzers.performance_calculator - INFO - Analyzing game 47/50: v7p3r vs Chessman01345
2025-11-01 22:51:46,725 - analyzers.stockfish_analyzer - ERROR - Error evaluating move h2h3: san() and lan() expect move to be legal or null, but got h2h3 in r2qkbnr/ppp2ppp/2n5/4p3/3pP1b1/3P1N1P/PPP1NPP1/R1BQKB1R b KQkq - 0 6
2025-11-01 22:51:47,533 - analyzers.stockfish_analyzer - ERROR - Error evaluating move f4h6: san() and lan() expect move to be legal or null, but got f4h6 in r2q1rk1/ppp2ppp/2nb1n1B/8/3pP3/3P3P/PPPQNP2/R3KB1R b KQ - 4 11
2025-11-01 22:51:48,096 - analyzers.stockfish_analyzer - ERROR - Error evaluating move e2f4: san() and lan() expect move to be legal or null, but got e2f4 in r2q1rk1/ppp2ppp/2n4B/b6n/4PN2/2PP3P/P2Q1P2/R3KBR1 b Q - 4 15
2025-11-01 22:51:48,623 - analyzers.stockfish_analyzer - ERROR - Error evaluating move d2h6: san() and lan() expect move to be legal or null, but got d2h6 in r2q1r1k/ppp2p1p/2n4Q/b6N/4P3/2PP3P/P4P2/R3KBR1 b Q - 0 17
2025-11-01 22:51:48,811 - analyzers.stockfish_analyzer - ERROR - Error evaluating move h6g7: san() and lan() expect move to be legal or null, but got h6g7 in r2q1r1k/ppp2pQp/2n5/7N/4P3/3P3P/P3KP2/b4BR1 b - - 1 19
2025-11-01 22:51:48,920 - analyzers.stockfish_analyzer - ERROR - Error evaluating move a2a3: san() and lan() expect move to be legal or null, but got a2a3 in r2q2rk/ppp2R1p/8/7N/1n2P3/P2P3P/3K1P2/5B2 b - - 0 24
2025-11-01 22:51:48,960 - analyzers.stockfish_analyzer - ERROR - Error evaluating move c3b4: san() and lan() expect move to be legal or null, but got c3b4 in r5rk/ppp2R1p/8/7q/1K2P3/P2P3P/5P2/5B2 b - - 0 26
2025-11-01 22:51:48,960 - analyzers.performance_calculator - INFO - Analyzing game 48/50: 13GabrielMx vs v7p3r
2025-11-01 22:51:49,617 - analyzers.stockfish_analyzer - ERROR - Error evaluating move f7f6: san() and lan() expect move to be legal or null, but got f7f6 in rn1qkbnr/pp4pp/2p1pp2/3pPbB1/3P4/5N2/PPP2PPP/RN1QKB1R w KQkq - 0 6
2025-11-01 22:51:49,820 - analyzers.stockfish_analyzer - ERROR - Error evaluating move c6c5: san() and lan() expect move to be legal or null, but got c6c5 in rn1qkbnr/pp4pp/4pp2/2ppPb2/3P4/4BN2/PPP2PPP/RN1QKB1R w KQkq - 0 7
2025-11-01 22:51:50,115 - analyzers.stockfish_analyzer - ERROR - Error evaluating move g8e7: san() and lan() expect move to be legal or null, but got g8e7 in rn1qkb1r/pp2n1pp/4ppb1/2ppP3/3P3N/3BB3/PPP2PPP/RN1QK2R w KQkq - 4 9
2025-11-01 22:51:50,792 - analyzers.stockfish_analyzer - ERROR - Error evaluating move d7c5: san() and lan() expect move to be legal or null, but got d7c5 in r2qkb1r/pp4pp/4p1n1/2npPp2/3B1P2/3B4/PPP3PP/RN1QK2R w KQkq - 0 13
2025-11-01 22:51:51,157 - analyzers.stockfish_analyzer - ERROR - Error evaluating move g2f4: san() and lan() expect move to be legal or null, but got g2f4 in r2qk2r/pp4pp/4p3/3pPp2/5n2/2NBb3/PPP1K2P/R2Q1R2 w kq - 4 18
2025-11-01 22:51:51,745 - analyzers.stockfish_analyzer - ERROR - Error evaluating move d8d1: san() and lan() expect move to be legal or null, but got d8d1 in r4rk1/pp4pp/4p3/4Pp2/2B2K2/2P5/P1P4P/R2q1R2 w - - 0 22
2025-11-01 22:51:51,847 - analyzers.stockfish_analyzer - ERROR - Error evaluating move b7b6: san() and lan() expect move to be legal or null, but got b7b6 in r3r1k1/p2R2pp/1p2p3/4Pp2/2B2K2/2P5/P1P4P/5R2 w - - 0 24
2025-11-01 22:51:52,301 - analyzers.stockfish_analyzer - ERROR - Error evaluating move g1g4: san() and lan() expect move to be legal or null, but got g1g4 in 3r3k/7p/1p2R3/pB2Pp2/P4Kr1/2P5/2P4P/8 w - - 1 30
2025-11-01 22:51:52,880 - analyzers.stockfish_analyzer - ERROR - Error evaluating move h8g8: san() and lan() expect move to be legal or null, but got h8g8 in 4B1k1/7p/1p2P3/p3K3/P7/2P5/2P2r2/8 w - - 3 35
2025-11-01 22:51:52,935 - analyzers.stockfish_analyzer - ERROR - Error evaluating move f2c2: san() and lan() expect move to be legal or null, but got f2c2 in 4B1k1/4P2p/1p6/p3K3/P7/2P5/2r5/8 w - - 0 36
2025-11-01 22:51:53,377 - analyzers.performance_calculator - INFO - Analyzing game 49/50: v7p3r vs lichess AI level 3
2025-11-01 22:51:53,378 - analyzers.performance_calculator - WARNING - Illegal UCI move f8g8 in position rnbqkbnr/pppppppp/8/8/8/2P5/PP1PPPPP/RNBQKBNR b KQkq - 0 1
2025-11-01 22:51:53,378 - analyzers.performance_calculator - WARNING - Illegal UCI move f1g1 in position rnbqkbnr/pppppppp/8/8/8/2P5/PP1PPPPP/RNBQKBNR b KQkq - 0 1
2025-11-01 22:51:53,379 - analyzers.performance_calculator - WARNING - Illegal UCI move a1c2 in position rnbqkbnr/ppp1pppp/8/3p4/8/2P5/PP1PPPPP/RNBQKBNR w KQkq - 0 2
2025-11-01 22:51:53,379 - analyzers.performance_calculator - WARNING - Illegal UCI move h8g6 in position rnbqkbnr/ppp1pppp/8/3p4/8/2P5/PP1PPPPP/RNBQKBNR w KQkq - 0 2
2025-11-01 22:51:53,379 - analyzers.performance_calculator - WARNING - Illegal UCI move c2d4 in position rnbqkbnr/ppp1pppp/8/3p4/8/2P5/PP1PPPPP/RNBQKBNR w KQkq - 0 2
2025-11-01 22:51:53,380 - analyzers.performance_calculator - WARNING - Illegal UCI move e7e5 in position rnbqkbnr/ppp1pppp/8/3p4/8/2P5/PP1PPPPP/RNBQKBNR w KQkq - 0 2
2025-11-01 22:51:53,380 - analyzers.performance_calculator - WARNING - Illegal UCI move d4b3 in position rnbqkbnr/ppp1pppp/8/3p4/8/2P5/PP1PPPPP/RNBQKBNR w KQkq - 0 2
2025-11-01 22:51:53,381 - analyzers.performance_calculator - WARNING - Illegal UCI move c7c5 in position rnbqkbnr/ppp1pppp/8/3p4/8/2P5/PP1PPPPP/RNBQKBNR w KQkq - 0 2
2025-11-01 22:51:53,381 - analyzers.performance_calculator - WARNING - Illegal UCI move c5d4 in position rnbqkbnr/ppp1pppp/8/3p4/3P4/2P5/PP2PPPP/RNBQKBNR b KQkq - 0 2
2025-11-01 22:51:53,382 - analyzers.performance_calculator - WARNING - Illegal UCI move c3d4 in position rnbqkbnr/ppp1pppp/8/3p4/3P4/2P5/PP2PPPP/RNBQKBNR b KQkq - 0 2
2025-11-01 22:51:53,382 - analyzers.performance_calculator - WARNING - Illegal UCI move e5e4 in position rnbqkbnr/ppp1pppp/8/3p4/3P4/2P5/PP2PPPP/RNBQKBNR b KQkq - 0 2
2025-11-01 22:51:53,382 - analyzers.performance_calculator - WARNING - Illegal UCI move c1c8 in position rnbqkbnr/ppp1pppp/8/3p4/3P4/2P5/PP2PPPP/RNBQKBNR b KQkq - 0 2
2025-11-01 22:51:53,382 - analyzers.performance_calculator - WARNING - Illegal UCI move d8c8 in position rnbqkbnr/ppp1pppp/8/3p4/3P4/2P5/PP2PPPP/RNBQKBNR b KQkq - 0 2
2025-11-01 22:51:53,383 - analyzers.performance_calculator - WARNING - Illegal UCI move d1c1 in position rnbqkbnr/ppp1pppp/8/3p4/3P4/2P5/PP2PPPP/RNBQKBNR b KQkq - 0 2
2025-11-01 22:51:53,383 - analyzers.performance_calculator - WARNING - Illegal UCI move e8b5 in position rnbqkbnr/ppp1pppp/8/3p4/3P4/2P5/PP2PPPP/RNBQKBNR b KQkq - 0 2
2025-11-01 22:51:53,383 - analyzers.performance_calculator - WARNING - Illegal UCI move c1c8 in position rnbqkbnr/ppp1pppp/8/3p4/3P4/2P5/PP2PPPP/RNBQKBNR b KQkq - 0 2
2025-11-01 22:51:53,384 - analyzers.performance_calculator - WARNING - Illegal UCI move f8c8 in position rnbqkbnr/ppp1pppp/8/3p4/3P4/2P5/PP2PPPP/RNBQKBNR b KQkq - 0 2
2025-11-01 22:51:53,384 - analyzers.performance_calculator - WARNING - Illegal UCI move b3c1 in position rnbqkbnr/ppp1pppp/8/3p4/3P4/2P5/PP2PPPP/RNBQKBNR b KQkq - 0 2
2025-11-01 22:51:53,384 - analyzers.performance_calculator - WARNING - Illegal UCI move b8d6 in position rnbqkbnr/ppp1pppp/8/3p4/3P4/2P5/PP2PPPP/RNBQKBNR b KQkq - 0 2
2025-11-01 22:51:53,385 - analyzers.performance_calculator - WARNING - Illegal UCI move e1c3 in position rnbqkbnr/ppp1pppp/8/3p4/3P4/2P5/PP2PPPP/RNBQKBNR b KQkq - 0 2
2025-11-01 22:51:53,385 - analyzers.performance_calculator - WARNING - Illegal UCI move e4e3 in position rnbqkbnr/ppp1ppp1/7p/3p4/3P4/2P2P2/PP2P1PP/RNBQKBNR b KQkq - 0 3
2025-11-01 22:51:53,386 - analyzers.performance_calculator - WARNING - Illegal UCI move c1d3 in position rnbqkbnr/ppp1ppp1/7p/3p4/3P4/2P2P2/PP2P1PP/RNBQKBNR b KQkq - 0 3
2025-11-01 22:51:53,386 - analyzers.performance_calculator - WARNING - Illegal UCI move c3b4 in position rnbqkbnr/ppp1ppp1/8/3p3p/3P4/2P2P2/PP2P1PP/RNBQKBNR w KQkq - 0 4
2025-11-01 22:51:53,386 - analyzers.performance_calculator - WARNING - Illegal UCI move d6b4 in position rnbqkbnr/ppp1ppp1/8/3p3p/3P4/2P2P2/PP2P1PP/RNBQKBNR w KQkq - 0 4
2025-11-01 22:51:53,386 - analyzers.performance_calculator - WARNING - Illegal UCI move d3b4 in position rnbqkbnr/ppp1ppp1/8/3p3p/3P4/2P2P2/PP2P1PP/RNBQKBNR w KQkq - 0 4
2025-11-01 22:51:53,387 - analyzers.performance_calculator - WARNING - Illegal UCI move b5e2 in position rnbqkbnr/ppp1ppp1/8/3p3p/3P4/2P2P2/PP2P1PP/RNBQKBNR w KQkq - 0 4
2025-11-01 22:51:53,387 - analyzers.performance_calculator - WARNING - Illegal UCI move f1e1 in position rnbqkbnr/ppp1ppp1/8/3p3p/3P4/2P2P2/PP2P1PP/RNBQKBNR w KQkq - 0 4
2025-11-01 22:51:53,387 - analyzers.performance_calculator - WARNING - Illegal UCI move e2b5 in position rnbqkbnr/ppp1ppp1/8/3p3p/3P4/2P2P2/PP2P1PP/RNBQKBNR w KQkq - 0 4
2025-11-01 22:51:53,387 - analyzers.performance_calculator - WARNING - Illegal UCI move b1g6 in position rnbqkbnr/ppp1ppp1/8/3p3p/3P4/2P2P2/PP2P1PP/RNBQKBNR w KQkq - 0 4
2025-11-01 22:51:53,388 - analyzers.performance_calculator - WARNING - Illegal UCI move f7g6 in position rnbqkbnr/ppp1ppp1/8/3p3p/3P4/2P2P2/PP2P1PP/RNBQKBNR w KQkq - 0 4
2025-11-01 22:51:53,388 - analyzers.performance_calculator - WARNING - Illegal UCI move e1e3 in position rnbqkbnr/ppp1ppp1/8/3p3p/3P4/2P2P2/PP2P1PP/RNBQKBNR w KQkq - 0 4
2025-11-01 22:51:53,388 - analyzers.performance_calculator - WARNING - Illegal UCI move a8c7 in position rnbqkbnr/ppp1ppp1/8/3p3p/3P4/2P2P2/PP2P1PP/RNBQKBNR w KQkq - 0 4
2025-11-01 22:51:53,389 - analyzers.performance_calculator - WARNING - Illegal UCI move g8f7 in position rnbqkbnr/1pp1ppp1/8/p2p3p/P2P4/1PP2P2/4P1PP/RNBQKBNR b KQkq - 0 5
2025-11-01 22:51:53,389 - analyzers.performance_calculator - WARNING - Illegal UCI move b4d3 in position rnbqkbnr/1pp1ppp1/8/p2p3p/P2P4/1PP2P2/4P1PP/RNBQKBNR b KQkq - 0 5
2025-11-01 22:51:53,389 - analyzers.performance_calculator - WARNING - Illegal UCI move b5c6 in position rnbqkbnr/1pp1ppp1/8/p2p3p/P2P4/1PP2P2/4P1PP/RNBQKBNR b KQkq - 0 5
2025-11-01 22:51:53,389 - analyzers.performance_calculator - WARNING - Illegal UCI move d3e5 in position rnbqkbnr/1pp1ppp1/8/p2p3p/P2P4/1PP2P2/4P1PP/RNBQKBNR b KQkq - 0 5
2025-11-01 22:51:53,390 - analyzers.performance_calculator - WARNING - Illegal UCI move e5c6 in position rnbqkbnr/1pp1p1p1/5p2/p2p3p/P2P4/1PP2P2/4P1PP/RNBQKBNR w KQkq - 0 6
2025-11-01 22:51:53,390 - analyzers.performance_calculator - WARNING - Illegal UCI move b7c6 in position rnbqkbnr/1pp1p1p1/5p2/p2p3p/P2P4/1PP2P2/4P1PP/RNBQKBNR w KQkq - 0 6
2025-11-01 22:51:53,390 - analyzers.performance_calculator - WARNING - Illegal UCI move h1g3 in position rnbqkbnr/1pp1p1p1/5p2/p2p3p/P2P4/1PP2P2/4P1PP/RNBQKBNR w KQkq - 0 6
2025-11-01 22:51:53,390 - analyzers.performance_calculator - WARNING - Illegal UCI move g3e2 in position rnbqkbnr/1pp1p1p1/5p2/p2p3p/P2P3P/1PP2P2/4P1P1/RNBQKBNR b KQkq - 0 6
2025-11-01 22:51:53,390 - analyzers.performance_calculator - WARNING - Illegal UCI move e2c1 in position 1rbqkbnr/1pp1p1p1/n4p2/p2p3p/P2P1P1P/1PP5/4P1P1/RNBQKBNR w KQk - 1 8
2025-11-01 22:51:53,391 - analyzers.performance_calculator - WARNING - Illegal UCI move c6c5 in position 1rbqkbnr/1pp1p1p1/n4p2/p2p3p/P2P1P1P/1PP5/4P1P1/RNBQKBNR w KQk - 1 8
2025-11-01 22:51:53,391 - analyzers.performance_calculator - WARNING - Illegal UCI move c1a2 in position 1rbqkbnr/1pp1p1p1/n4p2/p2p3p/P2P1P1P/1PP5/4P1P1/RNBQKBNR w KQk - 1 8
2025-11-01 22:51:53,391 - analyzers.performance_calculator - WARNING - Illegal UCI move g6g5 in position 1rbqkbnr/1pp1p1p1/n4p2/p2p3p/P2P1P1P/1PP5/4P1P1/RNBQKBNR w KQk - 1 8
2025-11-01 22:51:53,391 - analyzers.performance_calculator - WARNING - Illegal UCI move d4c5 in position 1rbqkbnr/1pp1p1p1/n4p2/p2p3p/P2P1P1P/1PP5/4P1P1/RNBQKBNR w KQk - 1 8
2025-11-01 22:51:53,391 - analyzers.performance_calculator - WARNING - Illegal UCI move a6c5 in position 1rbqkbnr/1pp1p1p1/n4p2/p2p3p/P2P1P1P/1PP5/4P1P1/RNBQKBNR w KQk - 1 8
2025-11-01 22:51:53,392 - analyzers.performance_calculator - WARNING - Illegal UCI move a2c3 in position 1rbqkbnr/1pp1p1p1/n4p2/p2p3p/P2P1P1P/1PP5/4P1P1/RNBQKBNR w KQk - 1 8
2025-11-01 22:51:53,392 - analyzers.performance_calculator - WARNING - Illegal UCI move f6f5 in position 1rbqkbnr/1pp1p1p1/n4p2/p2p3p/P2P1P1P/1PP5/4P1P1/RNBQKBNR w KQk - 1 8
2025-11-01 22:51:53,392 - analyzers.performance_calculator - WARNING - Illegal UCI move c3d5 in position 1rbqkbnr/1pp1p1p1/n4p2/p2p3p/P2P1P1P/1PP5/4P1P1/RNBQKBNR w KQk - 1 8
2025-11-01 22:51:53,393 - analyzers.performance_calculator - WARNING - Illegal UCI move g5f4 in position 1rbqkbnr/1pp1p1p1/n4p2/p2p3p/P2P1P1P/1PP5/4P1P1/RNBQKBNR w KQk - 1 8
2025-11-01 22:51:53,393 - analyzers.performance_calculator - WARNING - Illegal UCI move e3f3 in position 1rbqkbnr/1pp1p1p1/n4p2/p2p3p/P2P1P1P/1PP5/4P1P1/RNBQKBNR w KQk - 1 8
2025-11-01 22:51:53,393 - analyzers.performance_calculator - WARNING - Illegal UCI move c5e6 in position 1rbqkbnr/1pp1p1p1/n4p2/p2p3p/P2P1P1P/1PP5/4P1P1/RNBQKBNR w KQk - 1 8
2025-11-01 22:51:53,393 - analyzers.performance_calculator - WARNING - Illegal UCI move h2h3 in position 1rbqkbnr/1pp1p1p1/n4p2/p2p3p/P2P1P1P/1PP5/4P1P1/RNBQKBNR w KQk - 1 8
2025-11-01 22:51:53,394 - analyzers.performance_calculator - WARNING - Illegal UCI move b8d8 in position 1rbqkbnr/1pp1p1p1/n4p2/p2p3p/P2P1P1P/1PP5/4P1P1/RNBQKBNR w KQk - 1 8
2025-11-01 22:51:53,394 - analyzers.performance_calculator - WARNING - Illegal UCI move d5b6 in position 1rbqkbnr/1pp1p1p1/n4p2/p2p3p/P2P1P1P/1PP5/4P1P1/RNBQKBNR w KQk - 1 8
2025-11-01 22:51:53,394 - analyzers.performance_calculator - WARNING - Illegal UCI move f5e4 in position 1rbqkbnr/1pp1p1p1/n4p2/p2p3p/P2P1P1P/1PP5/4P1P1/RNBQKBNR w KQk - 1 8
2025-11-01 22:51:53,395 - analyzers.performance_calculator - WARNING - Illegal UCI move d8d2 in position 1rbqkbnr/1pp1p1p1/n4p2/p2p3p/P2P1P1P/1PP5/4PKP1/RNBQ1BNR b k - 2 8
2025-11-01 22:51:53,395 - analyzers.performance_calculator - WARNING - Illegal UCI move f2e1 in position 1rbqkbnr/1pp1p1p1/n4p2/p2p3p/P2P1P1P/1PP5/4PKP1/RNBQ1BNR b k - 2 8
2025-11-01 22:51:53,395 - analyzers.performance_calculator - WARNING - Illegal UCI move d2c2 in position 1rbqkbnr/1pp1p1p1/n4p2/p2p3p/P2P1P1P/1PP5/4PKP1/RNBQ1BNR b k - 2 8
2025-11-01 22:51:53,395 - analyzers.performance_calculator - WARNING - Illegal UCI move e1f1 in position 1rbqkbnr/1pp1p1p1/n4p2/p2p3p/P2P1P1P/1PP5/4PKP1/RNBQ1BNR b k - 2 8
2025-11-01 22:51:53,396 - analyzers.performance_calculator - WARNING - Illegal UCI move b6c4 in position 1rbqkbnr/1pp1p1p1/5p2/p1np3p/P2P1P1P/1PP5/4PKP1/RNBQ1BNR w k - 3 9
2025-11-01 22:51:53,396 - analyzers.performance_calculator - WARNING - Illegal UCI move c5b3 in position 1rbqkbnr/1pp1p1p1/5p2/p1np3p/P2P1P1P/1PP5/4PKP1/RNBQ1BNR w k - 3 9
2025-11-01 22:51:53,396 - analyzers.performance_calculator - WARNING - Illegal UCI move f3b3 in position 1rbqkbnr/1pp1p1p1/5p2/p1np3p/P2P1P1P/1PP5/4PKP1/RNBQ1BNR w k - 3 9
2025-11-01 22:51:53,396 - analyzers.performance_calculator - WARNING - Illegal UCI move c2c1 in position 1rbqkbnr/1pp1p1p1/5p2/p1np3p/P2P1P1P/1PP5/4PKP1/RNBQ1BNR w k - 3 9
2025-11-01 22:51:53,396 - analyzers.performance_calculator - WARNING - Illegal UCI move f1f2 in position 1rbqkbnr/1pp1p1p1/5p2/p1np3p/P2P1P1P/1PP5/4PKP1/RNBQ1BNR w k - 3 9
2025-11-01 22:51:53,397 - analyzers.performance_calculator - WARNING - Illegal UCI move c1c4 in position 1rbqkbnr/1pp1p1p1/5p2/p1np3p/P2P1P1P/1PP5/4PKP1/RNBQ1BNR w k - 3 9
2025-11-01 22:51:53,397 - analyzers.performance_calculator - WARNING - Illegal UCI move b3b7 in position 1rbqkbnr/1pp1p1p1/5p2/p1np3p/P2P1P1P/1PP5/4PKP1/RNBQ1BNR w k - 3 9
2025-11-01 22:51:53,397 - analyzers.performance_calculator - WARNING - Illegal UCI move g7g5 in position 1rbqkbnr/1pp1p1p1/5p2/p1np3p/P2P1P1P/1PP5/4PKP1/RNBQ1BNR w k - 3 9
2025-11-01 22:51:53,397 - analyzers.performance_calculator - WARNING - Illegal UCI move b7b5 in position 1rbqkbnr/1pp1p1p1/5p2/p1np3p/P2P1P1P/1PP5/4PKP1/RNBQ1BNR w k - 3 9
2025-11-01 22:51:53,398 - analyzers.performance_calculator - WARNING - Illegal UCI move c4c2 in position 1rbqkbnr/1pp1p1p1/5p2/p1np3p/P2P1P1P/1PP5/4PKP1/RNBQ1BNR w k - 3 9
2025-11-01 22:51:53,398 - analyzers.performance_calculator - WARNING - Illegal UCI move e4e3 in position 1rbqkbnr/1pp1p1p1/5p2/p1np3p/P2P1P1P/1PP5/4P1P1/RNBQKBNR b k - 4 9
2025-11-01 22:51:53,398 - analyzers.performance_calculator - WARNING - Illegal UCI move e1d1 in position 1rbqkbnr/1pp1p1p1/5p2/p1np3p/P2P1P1P/1PP5/4P1P1/RNBQKBNR b k - 4 9
2025-11-01 22:51:53,398 - analyzers.performance_calculator - WARNING - Illegal UCI move c2d2 in position 1rbqkbnr/1pp1p1p1/5p2/p1np3p/P2P1P1P/1PP5/4P1P1/RNBQKBNR b k - 4 9
2025-11-01 22:51:53,399 - analyzers.performance_calculator - WARNING - Illegal UCI move d1c1 in position 1rbqkbnr/1pp1p1p1/5p2/p1np3p/P2P1P1P/1PP5/4P1P1/RNBQKBNR b k - 4 9
2025-11-01 22:51:53,399 - analyzers.performance_calculator - WARNING - Illegal UCI move d2d4 in position 1rbqkbnr/1pp1p1p1/5p2/p1np3p/P2P1P1P/1PP5/4P1P1/RNBQKBNR b k - 4 9
2025-11-01 22:51:53,399 - analyzers.performance_calculator - WARNING - Illegal UCI move b5a5 in position 1rbqkbnr/1pp1p1p1/5p2/p1np3p/P2P1P1P/1PP5/4P1P1/RNBQKBNR b k - 4 9
2025-11-01 22:51:53,399 - analyzers.performance_calculator - WARNING - Illegal UCI move d4c4 in position 1rbqkbnr/1pp1p1p1/5p2/p1np3p/P2P1P1P/1PP5/4P1P1/RNBQKBNR b k - 4 9
2025-11-01 22:51:53,400 - analyzers.performance_calculator - WARNING - Illegal UCI move c1b2 in position 1rbqkbnr/1pp1p1p1/5p2/p1np3p/P2P1P1P/1PP5/4P1P1/RNBQKBNR b k - 4 9
2025-11-01 22:51:53,400 - analyzers.performance_calculator - WARNING - Illegal UCI move e3e4 in position 1rbqkbnr/1pp1p1p1/5p2/p1np3p/P2P1P1P/1PP5/4P1P1/RNBQKBNR b k - 4 9
2025-11-01 22:51:53,400 - analyzers.performance_calculator - WARNING - Illegal UCI move a5g5 in position 1rbqkbnr/1pp1p1p1/5p2/p1np3p/P2P1P1P/1PP5/4P1P1/RNBQKBNR b k - 4 9
2025-11-01 22:51:53,400 - analyzers.performance_calculator - WARNING - Illegal UCI move e4d3 in position 1rbqkbnr/1pp1p1p1/5p2/p1np3p/P2P1P1P/1PP5/4P1P1/RNBQKBNR b k - 4 9
2025-11-01 22:51:53,400 - analyzers.performance_calculator - WARNING - Illegal UCI move b2b3 in position 1rbqkbnr/1pp1p1p1/5p2/p1np3p/P2P1P1P/1PP5/4P1P1/RNBQKBNR b k - 4 9
2025-11-01 22:51:53,401 - analyzers.performance_calculator - WARNING - Illegal UCI move c4c6 in position 1rbqkbnr/1pp1p1p1/5p2/p1np3p/P2P1P1P/1PP5/4P1P1/RNBQKBNR b k - 4 9
2025-11-01 22:51:53,401 - analyzers.performance_calculator - WARNING - Illegal UCI move b3b4 in position 1rbqkbnr/1pp1p1p1/5p2/p1np3p/P2P1P1P/1PP5/4P1P1/RNBQKBNR b k - 4 9
2025-11-01 22:51:53,401 - analyzers.performance_calculator - WARNING - Illegal UCI move c6c8 in position 1rbqkbnr/1pp1p1p1/5p2/p1np3p/P2P1P1P/1PP5/4P1P1/RNBQKBNR b k - 4 9
2025-11-01 22:51:53,401 - analyzers.performance_calculator - WARNING - Illegal UCI move b4b5 in position 1rbqkbnr/1pp1p1p1/5p2/p1np3p/P2P1P1P/1PP5/4P1P1/RNBQKBNR b k - 4 9
2025-11-01 22:51:53,401 - analyzers.performance_calculator - WARNING - Illegal UCI move d3e2 in position 1rbqkbnr/1pp1p1p1/5p2/p1np3p/P2P1P1P/1PP5/4P1P1/RNBQKBNR b k - 4 9
2025-11-01 22:51:53,401 - analyzers.performance_calculator - WARNING - Illegal UCI move a4a5 in position 1rbqkbnr/1pp1p1p1/5p2/p1np3p/P2P1P1P/1PP5/4P1P1/RNBQKBNR b k - 4 9
2025-11-01 22:51:53,402 - analyzers.performance_calculator - WARNING - Illegal UCI move c8e8 in position 1rbqkbnr/1pp1p1p1/5p2/p1np3p/P2P1P1P/1PP5/4P1P1/RNBQKBNR b k - 4 9
2025-11-01 22:51:53,402 - analyzers.performance_calculator - WARNING - Illegal UCI move a5a6 in position 1rbqkbnr/1pp1p1p1/5p2/p1np3p/P2P1P1P/1PP5/4P1P1/RNBQKBNR b k - 4 9
2025-11-01 22:51:53,402 - analyzers.performance_calculator - WARNING - Illegal UCI move e2d3 in position 1rbqkbnr/1pp1p1p1/5p2/p1np3p/P2P1P1P/1PP5/4P1P1/RNBQKBNR b k - 4 9
2025-11-01 22:51:53,402 - analyzers.performance_calculator - WARNING - Illegal UCI move b5b6 in position 1rbqkbnr/1pp1p1p1/5p2/p1np3p/P2P1P1P/1PP5/4P1P1/RNBQKBNR b k - 4 9
2025-11-01 22:51:53,402 - analyzers.performance_calculator - WARNING - Illegal UCI move e8e7 in position 1rbqkbnr/1pp1p1p1/5p2/p1np3p/P2P1P1P/1PP5/4P1P1/RNBQKBNR b k - 4 9
2025-11-01 22:51:53,403 - analyzers.performance_calculator - WARNING - Illegal UCI move a6a7 in position 1rbqkbnr/1pp1p1p1/5p2/p1np3p/P2P1P1P/1PP5/4P1P1/RNBQKBNR b k - 4 9
2025-11-01 22:51:53,403 - analyzers.performance_calculator - WARNING - Illegal UCI move e7a7 in position 1rbqkbnr/1pp1p1p1/5p2/p1np3p/P2P1P1P/1PP5/4P1P1/RNBQKBNR b k - 4 9
2025-11-01 22:51:53,403 - analyzers.performance_calculator - WARNING - Illegal UCI move b6a7 in position 1rbqkbnr/1pp1p1p1/5p2/p1np3p/P2P1P1P/1PP5/4P1P1/RNBQKBNR b k - 4 9
2025-11-01 22:51:53,404 - analyzers.performance_calculator - WARNING - Illegal UCI move d3e4 in position 1rbqkbnr/1pp1p1p1/5p2/p1np3p/P2P1P1P/1PP5/4P1P1/RNBQKBNR b k - 4 9
2025-11-01 22:51:53,404 - analyzers.performance_calculator - WARNING - Illegal UCI move g5g4 in position 1rbqkbnr/1pp1p1p1/5p2/p1np3p/P2P1P1P/1PP5/4P1P1/RNBQKBNR b k - 4 9
2025-11-01 22:51:53,404 - analyzers.performance_calculator - WARNING - Illegal UCI move e4e3 in position 1rbqkbnr/1pp1p1p1/5p2/p1np3p/P2P1P1P/1PP5/4P1P1/RNBQKBNR b k - 4 9
2025-11-01 22:51:53,404 - analyzers.performance_calculator - WARNING - Illegal UCI move g4h4 in position 1rbqkbnr/1pp1p1p1/5p2/p1np3p/P2P1P1P/1PP5/4P1P1/RNBQKBNR b k - 4 9
2025-11-01 22:51:53,405 - analyzers.performance_calculator - WARNING - Illegal UCI move e3d3 in position 1rbqkbnr/1pp1p1p1/5p2/p1np3p/P2P1P1P/1PP5/4P1P1/RNBQKBNR b k - 4 9
2025-11-01 22:51:53,405 - analyzers.performance_calculator - WARNING - Illegal UCI move h4f4 in position 1rbqkbnr/1pp1p1p1/5p2/p1np3p/P2P1P1P/1PP5/4P1P1/RNBQKBNR b k - 4 9
2025-11-01 22:51:53,405 - analyzers.performance_calculator - WARNING - Illegal UCI move d3e3 in position 1rbqkbnr/1pp1p1p1/5p2/p1np3p/P2P1P1P/1PP5/4P1P1/RNBQKBNR b k - 4 9
2025-11-01 22:51:53,406 - analyzers.performance_calculator - WARNING - Illegal UCI move f4f3 in position 1rbqkbnr/1pp1p1p1/5p2/p1np3p/P2P1P1P/1PP5/4P1P1/RNBQKBNR b k - 4 9
2025-11-01 22:51:53,406 - analyzers.performance_calculator - WARNING - Illegal UCI move e3d2 in position 1rbqkbnr/1pp1p1p1/5p2/p1np3p/P2P1P1P/1PP5/4P1P1/RNBQKBNR b k - 4 9
2025-11-01 22:51:53,406 - analyzers.performance_calculator - WARNING - Illegal UCI move h3h4 in position 1rbqkbnr/1pp1p1p1/5p2/p1np3p/P2P1P1P/1PP5/4P1P1/RNBQKBNR b k - 4 9
2025-11-01 22:51:53,406 - analyzers.performance_calculator - WARNING - Illegal UCI move d2e2 in position 1rbqkbnr/1pp1p1p1/5p2/p1np3p/P2P1P1P/1PP5/4P1P1/RNBQKBNR b k - 4 9
2025-11-01 22:51:53,406 - analyzers.performance_calculator - WARNING - Illegal UCI move h4h5 in position 1rbqkbnr/1pp1p1p1/5p2/p1np3p/P2P1P1P/1PP5/4P1P1/RNBQKBNR b k - 4 9
2025-11-01 22:51:53,407 - analyzers.performance_calculator - WARNING - Illegal UCI move e2d1 in position 1rbqkbnr/1pp1p1p1/5p2/p1np3p/P2P1P1P/1PP5/4P1P1/RNBQKBNR b k - 4 9
2025-11-01 22:51:53,407 - analyzers.performance_calculator - WARNING - Illegal UCI move h5h6 in position 1rbqkbnr/1pp1p1p1/5p2/p1np3p/P2P1P1P/1PP5/4P1P1/RNBQKBNR b k - 4 9
2025-11-01 22:51:53,407 - analyzers.performance_calculator - WARNING - Illegal UCI move d1e2 in position 1rbqkbnr/1pp1p1p1/5p2/p1np3p/P2P1P1P/1PP5/4P1P1/RNBQKBNR b k - 4 9
2025-11-01 22:51:53,407 - analyzers.performance_calculator - WARNING - Illegal UCI move h6h7 in position 1rbqkbnr/1pp1p1p1/5p2/p1np3p/P2P1P1P/1PP5/4P1P1/RNBQKBNR b k - 4 9
2025-11-01 22:51:53,408 - analyzers.performance_calculator - WARNING - Illegal UCI move e2d2 in position 1rbqkbnr/1pp1p1p1/5p2/p1np3p/P2P1P1P/1PP5/4P1P1/RNBQKBNR b k - 4 9
2025-11-01 22:51:53,408 - analyzers.performance_calculator - WARNING - Illegal UCI move h7h8q in position 1rbqkbnr/1pp1p1p1/5p2/p1np3p/P2P1P1P/1PP5/4P1P1/RNBQKBNR b k - 4 9
2025-11-01 22:51:53,408 - analyzers.performance_calculator - WARNING - Illegal UCI move d2c1 in position 1rbqkbnr/1pp1p1p1/5p2/p1np3p/P2P1P1P/1PP5/4P1P1/RNBQKBNR b k - 4 9
2025-11-01 22:51:53,408 - analyzers.performance_calculator - WARNING - Illegal UCI move h8d4 in position 1rbqkbnr/1pp1p1p1/5p2/p1np3p/P2P1P1P/1PP5/4P1P1/RNBQKBNR b k - 4 9
2025-11-01 22:51:53,408 - analyzers.performance_calculator - WARNING - Illegal UCI move c1c2 in position 1rbqkbnr/1pp1p1p1/5p2/p1np3p/P2P1P1P/1PP5/4P1P1/RNBQKBNR b k - 4 9
2025-11-01 22:51:53,409 - analyzers.performance_calculator - WARNING - Illegal UCI move f3c3 in position 1rbqkbnr/1pp1p1p1/5p2/p1np3p/P2P1P1P/1PP5/4P1P1/RNBQKBNR b k - 4 9
2025-11-01 22:51:53,409 - analyzers.performance_calculator - WARNING - Illegal UCI move c2b2 in position 1rbqkbnr/1pp1p1p1/5p2/p1np3p/P2P1P1P/1PP5/4P1P1/RNBQKBNR b k - 4 9
2025-11-01 22:51:53,409 - analyzers.performance_calculator - WARNING - Illegal UCI move d4b4 in position 1rbqkbnr/1pp1p1p1/5p2/p1np3p/P2P1P1P/1PP5/4P1P1/RNBQKBNR b k - 4 9
2025-11-01 22:51:53,409 - analyzers.performance_calculator - WARNING - Illegal UCI move b2a2 in position 1rbqkbnr/1pp1p1p1/5p2/p1np3p/P2P1P1P/1PP5/4P1P1/RNBQKBNR b k - 4 9
2025-11-01 22:51:53,409 - analyzers.performance_calculator - WARNING - Illegal UCI move c3a3 in position 1rbqkbnr/1pp1p1p1/5p2/p1np3p/P2P1P1P/1PP5/4P1P1/RNBQKBNR b k - 4 9
2025-11-01 22:51:53,570 - analyzers.stockfish_analyzer - ERROR - Error evaluating move c2c3: san() and lan() expect move to be legal or null, but got c2c3 in rnbqkbnr/pppppppp/8/8/8/2P5/PP1PPPPP/RNBQKBNR b KQkq - 0 1
2025-11-01 22:51:53,869 - analyzers.stockfish_analyzer - ERROR - Error evaluating move f2f3: san() and lan() expect move to be legal or null, but got f2f3 in rnbqkbnr/ppp1ppp1/7p/3p4/3P4/2P2P2/PP2P1PP/RNBQKBNR b KQkq - 0 3
2025-11-01 22:51:54,087 - analyzers.stockfish_analyzer - ERROR - Error evaluating move b2b3: san() and lan() expect move to be legal or null, but got b2b3 in rnbqkbnr/ppp1ppp1/8/3p3p/3P4/1PP2P2/P3P1PP/RNBQKBNR b KQkq - 0 4
2025-11-01 22:51:54,485 - analyzers.stockfish_analyzer - ERROR - Error evaluating move f3f4: san() and lan() expect move to be legal or null, but got f3f4 in r1bqkbnr/1pp1p1p1/n4p2/p2p3p/P2P1P1P/1PP5/4P1P1/RNBQKBNR b KQkq - 0 7
2025-11-01 22:51:54,787 - analyzers.stockfish_analyzer - ERROR - Error evaluating move e1f2: san() and lan() expect move to be legal or null, but got e1f2 in 1rbqkbnr/1pp1p1p1/n4p2/p2p3p/P2P1P1P/1PP5/4PKP1/RNBQ1BNR b k - 2 8
2025-11-01 22:51:54,854 - analyzers.stockfish_analyzer - ERROR - Error evaluating move f2e1: san() and lan() expect move to be legal or null, but got f2e1 in 1rbqkbnr/1pp1p1p1/5p2/p1np3p/P2P1P1P/1PP5/4P1P1/RNBQKBNR b k - 4 9
2025-11-01 22:51:54,855 - analyzers.performance_calculator - INFO - Analyzing game 50/50: v7p3r vs v7p3r_bot
2025-11-01 22:51:55,299 - analyzers.stockfish_analyzer - ERROR - Error evaluating move d1f3: san() and lan() expect move to be legal or null, but got d1f3 in rnb1kbnr/pppp1ppp/4p3/8/3PP2q/5Q2/PPP2PPP/RNB1KBNR b KQkq - 2 3
2025-11-01 22:51:55,458 - analyzers.stockfish_analyzer - ERROR - Error evaluating move e4e5: san() and lan() expect move to be legal or null, but got e4e5 in rnb1kbnr/ppp2ppp/4p3/3pP3/3P3q/5Q2/PPP2PPP/RNB1KBNR b KQkq - 0 4
2025-11-01 22:51:55,553 - analyzers.stockfish_analyzer - ERROR - Error evaluating move c2c3: san() and lan() expect move to be legal or null, but got c2c3 in rnb1kbnr/ppp2ppp/4p3/3pP3/3q4/2P2Q2/PP3PPP/RNB1KBNR b KQkq - 0 5
2025-11-01 22:51:55,642 - analyzers.stockfish_analyzer - ERROR - Error evaluating move c1e3: san() and lan() expect move to be legal or null, but got c1e3 in rnb1kbnr/pp3ppp/2p1p3/3pq3/8/2P1BQ2/PP2NPPP/RN2KB1R b KQkq - 1 7
2025-11-01 22:51:55,692 - analyzers.stockfish_analyzer - ERROR - Error evaluating move g2g3: san() and lan() expect move to be legal or null, but got g2g3 in rnb1kb1r/pp3ppp/2p1pn2/3pq3/8/2P1BQP1/PP2NP1P/RN2KB1R b KQkq - 0 8
2025-11-01 22:51:55,812 - analyzers.stockfish_analyzer - ERROR - Error evaluating move a2a4: san() and lan() expect move to be legal or null, but got a2a4 in rnb1kb1r/1p3pp1/p1p1pn1p/3pq3/P7/2P1BQP1/1P1NNP1P/R3KB1R b KQkq - 0 10
2025-11-01 22:51:56,031 - analyzers.stockfish_analyzer - ERROR - Error evaluating move e3f4: san() and lan() expect move to be legal or null, but got e3f4 in rnb1k2r/1p3pp1/p1pb1n1p/3p1p2/P4B2/2P3P1/1P1NNPBP/R3K2R b KQkq - 3 13
2025-11-01 22:51:56,291 - analyzers.stockfish_analyzer - ERROR - Error evaluating move g2e4: san() and lan() expect move to be legal or null, but got g2e4 in rnb2rk1/1p3p2/p1p4p/3p1pp1/P3B3/2PN2P1/1P1N1P1P/R4RK1 b - - 0 17
2025-11-01 22:51:56,431 - analyzers.stockfish_analyzer - ERROR - Error evaluating move g6h8: san() and lan() expect move to be legal or null, but got g6h8 in rn2r2N/1p5k/p1p2p1p/3p2p1/P3p3/2P2PPb/1P1N3P/R3R1K1 b - - 2 22
2025-11-01 22:51:56,553 - analyzers.stockfish_analyzer - ERROR - Error evaluating move b2b3: san() and lan() expect move to be legal or null, but got b2b3 in rn6/6k1/p1p2p1p/1p1P2p1/P7/1PP3Pb/3N3P/4R1K1 b - - 0 26
2025-11-01 22:51:56,766 - analyzers.stockfish_analyzer - ERROR - Error evaluating move g1f2: san() and lan() expect move to be legal or null, but got g1f2 in r7/6k1/2n2p1p/6p1/2N5/6Pb/5K1P/4R3 b - - 2 31
2025-11-01 22:51:56,805 - analyzers.stockfish_analyzer - ERROR - Error evaluating move f2f3: san() and lan() expect move to be legal or null, but got f2f3 in r5k1/8/2n2p1p/6p1/2N5/5KPb/7P/4R3 b - - 4 32
2025-11-01 22:51:56,856 - analyzers.stockfish_analyzer - ERROR - Error evaluating move e1e6: san() and lan() expect move to be legal or null, but got e1e6 in 5rk1/8/2n1Rp1p/6p1/2N5/5KPb/7P/8 b - - 6 33
2025-11-01 22:51:56,909 - analyzers.stockfish_analyzer - ERROR - Error evaluating move c4e5: san() and lan() expect move to be legal or null, but got c4e5 in 5rk1/8/2n1bp1p/4N1p1/8/5KP1/7P/8 b - - 1 34
2025-11-01 22:51:56,910 - __main__ - INFO - Successfully analyzed 49 games
2025-11-01 22:51:56,910 - __main__ - INFO - Calculating performance metrics...
2025-11-01 22:51:56,911 - __main__ - INFO - Generating actionable insights...
2025-11-01 22:51:56,911 - insights.insights_generator - INFO - Generating actionable insights...
2025-11-01 22:51:56,912 - __main__ - INFO - Analysis completed successfully!
2025-11-01 22:51:56,918 - __main__ - INFO - Results saved to analysis_results.json
